2165	2025-06-24 12:57:39	Skylar	0	Hey! So justin showed me the broncos you sent him they look great. When are you free to talk about them?	
3023	2025-06-24 13:32:36	Farrell	66		
3990	2025-06-24 13:32:37	Farrell	1		
4797	2025-06-24 13:32:37	Farrell	1		
919	2025-06-24 13:32:37	Farrell	1		
740	2025-06-24 13:32:38	Farrell	1		
1949	2025-06-24 13:32:38	Farrell	1		
3053	2025-06-24 13:32:38	Farrell	1		
4810	2025-06-24 13:32:38	Farrell	1		
2178	2025-06-24 13:32:39	Farrell	1		
3062	2025-06-24 13:32:39	Farrell	1		
3958	2025-06-24 13:32:39	Farrell	1		
4896	2025-06-24 13:32:40	Farrell	1		
854	2025-06-24 13:32:40	Farrell	1		
1811	2025-06-24 13:32:40	Farrell	1		
2786	2025-06-24 13:32:41	Farrell	1		
3670	2025-06-24 13:32:41	Farrell	1		
4495	2025-06-24 13:33:14	Farrell	66		
560	2025-06-24 13:33:15	Farrell	1		
1562	2025-06-24 13:33:15	Farrell	1		
2497	2025-06-24 13:33:15	Farrell	1		
3474	2025-06-24 13:33:16	Farrell	1		
4439	2025-06-24 13:33:16	Farrell	1		
493	2025-06-24 13:33:16	Farrell	1		
1329	2025-06-24 13:33:17	Farrell	1		
2275	2025-06-24 13:33:17	Farrell	1		
3285	2025-06-24 13:33:17	Farrell	1		
4112	2025-06-24 13:33:18	Farrell	1		
5037	2025-06-24 13:33:18	Farrell	1		
1135	2025-06-24 13:33:18	Farrell	1		
1940	2025-06-24 13:33:18	Farrell	1		
2922	2025-06-24 13:33:19	Farrell	1		
3760	2025-06-24 13:33:19	Farrell	1		
4702	2025-06-24 13:33:19	Farrell	1		
779	2025-06-24 13:33:19	Farrell	1		
1670	2025-06-24 13:33:20	Farrell	1		
2628	2025-06-24 13:33:20	Farrell	1		
3590	2025-06-24 13:33:20	Farrell	1		
4492	2025-06-24 13:33:20	Farrell	1		
551	2025-06-24 13:33:21	Farrell	1		
1548	2025-06-24 13:33:21	Farrell	1		
2524	2025-06-24 13:33:21	Farrell	1		
2326	2025-06-24 13:33:22	Farrell	1		
1485	2025-06-24 13:33:22	Farrell	1		
4966	2025-06-24 13:33:22	Farrell	1		
1303	2025-06-24 13:33:22	Farrell	1		
2243	2025-06-24 13:33:23	Farrell	1		
3243	2025-06-24 13:33:23	Farrell	1		
4134	2025-06-24 13:33:23	Farrell	1		
2036	2025-06-24 13:33:23	Farrell	1		
2963	2025-06-24 13:33:24	Farrell	1		
3929	2025-06-24 13:33:24	Farrell	1		
4870	2025-06-24 13:33:24	Farrell	1		
965	2025-06-24 13:33:25	Farrell	1		
1717	2025-06-24 13:33:25	Farrell	1		
2689	2025-06-24 13:33:56	Farrell	66		
3656	2025-06-24 13:33:57	Farrell	1		
4619	2025-06-24 13:33:57	Farrell	1		
689	2025-06-24 13:33:57	Farrell	1		
1660	2025-06-24 13:34:02	Farrell	2		
2615	2025-06-24 13:34:13	Farrell	2		
3460	2025-06-24 13:34:14	Farrell	1		
4422	2025-06-24 13:34:14	Farrell	1		
481	2025-06-24 13:34:14	Farrell	1		
1468	2025-06-24 13:34:14	Farrell	1		
2171	2025-06-24 13:34:15	Farrell	1		
3189	2025-06-24 13:35:01	Farrell	66		
4148	2025-06-24 13:35:01	Farrell	1		
5000	2025-06-24 13:35:01	Farrell	1		
1090	2025-06-24 13:35:02	Farrell	1		
2006	2025-06-24 13:35:02	Farrell	1		
2935	2025-06-24 13:35:02	Farrell	1		
3906	2025-06-24 13:35:03	Farrell	1		
4845	2025-06-24 13:35:03	Farrell	1		
926	2025-06-24 13:35:03	Farrell	1		
1892	2025-06-24 13:35:04	Farrell	1		
2874	2025-06-24 13:35:04	Farrell	1		
4782	2025-06-24 13:35:04	Farrell	1		
3913	2025-06-24 13:35:04	Farrell	1		
824	2025-06-24 13:35:05	Farrell	1		
1775	2025-06-24 13:35:05	Farrell	1		
2740	2025-06-24 13:35:05	Farrell	1		
3699	2025-06-24 13:35:06	Farrell	1		
4655	2025-06-24 13:35:06	Farrell	1		
713	2025-06-24 13:35:06	Farrell	1		
1678	2025-06-24 13:35:06	Farrell	1		
2563	2025-06-24 13:35:07	Farrell	1		
3543	2025-06-24 13:35:07	Farrell	1		
4431	2025-06-24 13:53:17	Farrell	1		
430	2025-06-24 13:54:55	Farrell	66		
1383	2025-06-24 13:54:56	Farrell	1		
2263	2025-06-24 13:54:56	Farrell	1		
3273	2025-06-24 13:54:56	Farrell	1		
4230	2025-06-24 13:54:56	Farrell	1		
5164	2025-06-24 13:54:57	Farrell	1		
1122	2025-06-24 13:54:57	Farrell	1		
2044	2025-06-24 13:54:57	Farrell	1		
2912	2025-06-24 13:54:58	Farrell	1		
3873	2025-06-24 13:54:58	Farrell	1		
4686	2025-06-24 13:54:58	Farrell	1		
763	2025-06-24 13:54:58	Farrell	1		
1544	2025-06-24 13:54:59	Farrell	1		
2402	2025-06-26 13:14:25	Farrell	0	Hi Skylar checking in to see whats the next step if you have your guy interested in the two 1966 and the Epson green with 4 wheel Disc 302 Carburetor	
3270	2025-06-26 13:15:17	Farrell	66		
4222	2025-06-26 13:15:17	Farrell	1		
5158	2025-06-26 13:15:18	Farrell	1		
1245	2025-06-26 13:15:18	Farrell	1		
2190	2025-06-26 13:15:19	Farrell	1		
3199	2025-06-26 13:15:19	Farrell	1		
4170	2025-06-26 13:15:19	Farrell	1		
5133	2025-06-26 13:15:20	Farrell	1		
4955	2025-06-26 13:15:20	Farrell	1		
1285	2025-06-26 13:15:20	Farrell	1		
2359	2025-06-26 13:15:21	Farrell	1		
3770	2025-06-26 13:15:21	Farrell	1		
873	2025-06-26 13:15:21	Farrell	1		
1771	2025-06-26 13:15:22	Farrell	1		
1614	2025-06-26 13:15:22	Farrell	1		
2737	2025-06-26 13:15:22	Farrell	1		
4733	2025-06-26 13:15:50	Farrell	2		
2871	2025-06-27 05:08:21	Skylar	0	Hey! I’m working on a brochure with all the details to share with the client	
1792	2025-06-27 05:26:39	Farrell	0	Nice	
3767	2025-06-27 11:57:48	Farrell	7	https://ebay.us/m/ol70yk	
4503	2025-06-27 11:58:11	Farrell	0	I just found the same truck here . However does not have LS motor has factory	
494	2025-06-27 11:58:34	Farrell	0	But everything is the same letmme know if what we could get over there	
1334	2025-06-27 11:58:40	Farrell	0	Going to send actual pics	
2194	2025-06-27 11:59:20	Farrell	1		
3200	2025-06-27 12:05:15	Farrell	66		
4172	2025-06-27 12:05:15	Farrell	1		
5100	2025-06-27 12:05:16	Farrell	1		
1199	2025-06-27 12:05:16	Farrell	1		
2121	2025-06-27 12:05:16	Farrell	1		
3118	2025-06-27 12:05:16	Farrell	1		
4106	2025-06-27 12:05:17	Farrell	1		
4888	2025-06-27 12:05:17	Farrell	1		
982	2025-06-27 12:05:17	Farrell	1		
1936	2025-06-27 12:05:17	Farrell	1		
2824	2025-06-27 12:05:18	Farrell	1		
3718	2025-07-01 05:52:10	Skylar	0	Hey there! Good morning. Would you be able to confirm a few points on the restored broncos? I would love to see the vin numbers and confirm which options each vehicle has, are the vins matching the frame and body or are they replacement bodies? It’s important I don’t misrepresent things.	
4612	2025-07-01 06:30:17	Farrell	1		
604	2025-07-01 06:30:43	Farrell	1		
1448	2025-07-01 06:31:30	Farrell	66		
2387	2025-07-01 06:31:31	Farrell	1		
3383	2025-07-01 06:31:31	Farrell	1		
4344	2025-07-01 06:31:31	Farrell	1		
400	2025-07-01 06:31:31	Farrell	1		
647	2025-07-01 06:31:32	Farrell	1		
1616	2025-07-01 06:31:32	Farrell	1		
3902	2025-07-01 06:31:32	Farrell	1		
518	2025-07-01 06:31:32	Farrell	1		
1036	2025-07-01 06:31:32	Farrell	1		
1927	2025-07-01 06:31:33	Farrell	1		
1752	2025-07-01 06:37:14	Farrell	1		
2896	2025-07-01 06:37:22	Farrell	0	Sent waiting on response	
546	2025-07-01 09:52:34	Farrell	1		
1623	2025-07-01 09:52:34	Farrell	1		
2335	2025-07-01 09:54:20	Farrell	0	Original frame and original body fully restored. No engine number identification	
3264	2025-07-01 09:55:40	Farrell	0	Yes original motors fully rebuilt	
4831	2025-07-01 09:55:53	Farrell	0	I've requested a better photo for blue vin plate	
5019	2025-07-01 09:56:14	Farrell	1		
1196	2025-07-01 09:57:12	Farrell	0	You can make out this vin plate better now when viewing the frame stamp	
2915	2025-07-01 09:57:31	Farrell	1		
4954	2025-07-04 19:23:32	Farrell	11		
819	2025-07-07 10:31:44	Farrell	0	Hi bro,  checking in on the two 1966s and the green 1971 here in colombia. If any further traction for Operation St. bart Bronco rentals	
1741	2025-07-07 10:32:02	Farrell	0	Give me a call when your free	
1581	2025-07-10 15:13:57	Farrell	0	Hi Skylar how are things ?	
2691	2025-07-10 15:14:01	Farrell	0	Can we have a call	
4807	2025-07-10 15:14:17	Skylar	0	Hey there things are slow but moving	
816	2025-07-10 15:14:25	Skylar	1		
1526	2025-07-10 15:14:27	Farrell	0	Thats island life	
2500	2025-07-10 15:14:56	Farrell	0	European dealership service center nice	
3224	2025-07-10 15:15:09	Skylar	0	This is my partner he has all the buyers	
3730	2025-07-10 15:15:15	Farrell	0	Saweet	
961	2025-07-10 15:15:53	Farrell	0	The trucks are stunning and turn key thats forsure . As good quality as my white one  but completed and running,  driving	
5117	2025-07-10 15:15:56	Skylar	0	I’m working with him and the staff to build a vintage corner and members Clive	
979	2025-07-10 15:16:12	Skylar	0	I don’t doubt it looking for the best money option	
1852	2025-07-10 15:16:24	Farrell	0	Well the owner is actively trying to sell them so not sure how long they will last.	
2701	2025-07-10 15:17:20	Farrell	0	How long have you been on the island and when you back in Vegas.  If I had my  money from the sale of white one I would buy and ship to you for the flip  or rental program	
2506	2025-07-10 15:17:23	Farrell	0	😟	
3448	2025-07-10 15:17:43	Farrell	0	Need that white one before Halloween otherwise we go into holiday mode for buyers	
4491	2025-07-10 15:18:13	Farrell	0	It should do real good on bring a trailer	
983	2025-07-10 15:18:50	Skylar	0	I’m thinking it will end up here or at least hoping it will	
1823	2025-07-10 15:19:20	Farrell	0	Im great with that .  White and peanut butter will look great down there	
1655	2025-07-10 15:19:59	Farrell	0	Maybe your investor will buy all four single shot to really make a statement	
2842	2025-07-10 15:20:30	Farrell	0	The three down here are definitely wholesale money makers	
3634	2025-07-10 15:45:28	Skylar	0	If they understand the math. It works really well with the villa rentals here, the addition of a car as cool as the house actually doubles the income with an investment of less than 10% the cost of the villa. Considering most villas are well over 2.5 million. They usually rent out for 800-3000 per day so if you wanna double your income add a reliable vintage car like a modified bronco (150-250k+)and allow it to be rented out at 600-2000 per day with the villa	
1410	2025-07-10 15:50:08	Farrell	0	Nice	
2119	2025-07-10 15:50:22	Farrell	0	Is there a season or year round ?	
3028	2025-07-10 15:50:40	Skylar	0	Almost year round	
3802	2025-07-10 15:50:54	Farrell	0	Gotcha	
4658	2025-07-10 15:51:08	Skylar	0	December counts as double season though	
684	2025-07-10 15:51:11	Farrell	0	Impressive most islands work off a 6  month seasons	
1624	2025-07-10 15:51:20	Farrell	0	Im.sure thru January	
1435	2025-07-10 15:52:18	Skylar	0	I was talking to one of the mechanics and he’s paying 3200€/m just for a 40m2 apartment	
2548	2025-07-10 16:01:36	Farrell	0	Thats a studio	
5077	2025-07-13 07:52:03	Farrell	2		
3729	2025-07-13 07:52:03	Farrell	2		
985	2025-07-13 07:57:44	Farrell	2		
3296	2025-07-13 07:57:45	Farrell	2		
4275	2025-07-26 16:15:27	Farrell	0	Hi Skylar,  how are you ? Please give me a call when you have a second	
5162	2025-08-13 11:35:32	Skylar	0	I’m back in vegas gonna get into the bronco again give me a call	
1184	2025-08-14 08:03:23	Farrell	0	Awesome	
1895	2025-08-14 08:03:53	Farrell	0	Sorry missed your call. Call when you can I have my phone volume turned up	
2794	2025-08-14 10:02:35	Skylar	0	Working on it now I’ll call or send videos later today 🤩	
3540	2025-08-14 10:04:05	Farrell	0	All good .	
4438	2025-08-14 10:04:23	Farrell	0	Im working in the power steps arms abd boards along with bumpers	
427	2025-08-14 10:05:03	Farrell	0	The motors and all wiring are there for power amp steps just missing arms and boards correct	
725	2025-08-14 10:05:14	Farrell	0	Confirm later when we talk	
2328	2025-08-14 14:13:16	Skylar	2		
4529	2025-08-14 14:13:19	Skylar	2		
2684	2025-08-14 14:16:54	Farrell	0	🙏👊💋	
3486	2025-08-14 14:17:31	Farrell	0	Love it . Reminds myself I need to order mufflers. Please confirmwgat diameter you want 2.5 inch or 2.25	
5137	2025-08-14 14:18:01	Farrell	0	Ill get Varitune for sound adjustment	
4753	2025-08-14 14:18:11	Farrell	0	BBK varitune	
1280	2025-08-14 14:44:21	Skylar	0	674 wells rd Boulder City nv 89005	
1103	2025-08-14 14:55:12	Farrell	66		
2292	2025-08-14 14:55:12	Farrell	1		
1441	2025-08-14 14:55:13	Farrell	1		
4776	2025-08-14 14:55:13	Farrell	1		
2833	2025-08-14 14:55:14	Farrell	1		
4582	2025-08-14 14:56:59	Skylar	1		
1886	2025-08-14 14:57:00	Skylar	1		
1255	2025-08-14 14:57:02	Skylar	1		
1185	2025-08-14 14:57:03	Skylar	1		
2031	2025-08-14 15:11:22	Farrell	1		
2293	2025-08-14 15:11:31	Farrell	0	Inquire on that white one	
4058	2025-08-14 15:12:07	Farrell	1		
2746	2025-08-14 15:12:08	Farrell	1		
4023	2025-08-14 15:12:11	Farrell	0	My listing	
2131	2025-08-14 17:22:00	Farrell	66		
3397	2025-08-14 17:22:00	Farrell	1		
3866	2025-08-14 17:22:01	Farrell	1		
683	2025-08-14 17:22:02	Farrell	1		
2891	2025-08-14 17:22:02	Farrell	1		
945	2025-08-14 17:22:15	Farrell	0	Please send me bank details for wire	
2279	2025-08-14 17:34:09	Skylar	8	INVOICE_nuke_bronco	
3591	2025-08-14 17:44:36	Skylar	1		
1447	2025-08-14 17:44:37	Skylar	1		
4369	2025-08-14 17:48:40	Skylar	66		
3020	2025-08-14 17:48:40	Skylar	1		
4224	2025-08-14 17:48:40	Skylar	1		
882	2025-08-14 17:48:40	Skylar	1		
2475	2025-08-14 17:48:57	Skylar	0	A few little receipts just keeping track.	
3463	2025-08-14 17:49:09	Skylar	0	Exhaust is 2.5”	
4168	2025-08-14 17:50:33	Farrell	0	👍	
5125	2025-08-15 09:36:19	Farrell	0	Greetings , wire sent should show after your 12 pm	
994	2025-08-15 09:36:46	Skylar	0	Sweet I’ll confirm when I receive	
1903	2025-08-15 09:36:50	Farrell	0	Ordering mufflers now.	
1728	2025-08-15 09:37:16	Farrell	0	You really need those asap. The steps and bumpers can come late next week etc dont effect testing	
2875	2025-08-15 09:38:17	Farrell	0	Looks like that one bumper sold so ill just do the smoothie ones and getting part number. Now for power amp steps to see if I can save alittle by ordering a smaller kit minus the wiring etc	
3679	2025-08-15 09:40:00	Skylar	0	Under hood wiring clean up
Under dash wiring 
Wire accessories fans, ac to sniper system 
Dash install
Steering column 
Mount fuel tank
Body mounts 
Driveshafts
Shocks 
Yokes
T case shifter hole realignment
Exhaust system
Fill ac
Soft top 
Seat head rests
Install windows into tracks 
Install windshield	
1001	2025-08-15 09:40:18	Skylar	0	This is my schedule for the comings days	
1867	2025-08-15 09:41:01	Farrell	0	Sweet and organized love it	
2763	2025-08-15 09:41:45	Farrell	0	Fyi im 90 % that the ac uses 3.5 lbs and comes pre oiled. May want to call Vintage to confirm	
3084	2025-08-15 09:42:31	Farrell	0	Im more 90% on the pre oiled than the 3.5 lbs. Been a long time since I had to remember	
4425	2025-08-15 10:08:04	Farrell	0	Mufflers ordered to the 676 wells rd address	
2724	2025-08-15 10:13:31	Farrell	66		
3975	2025-08-15 10:13:31	Farrell	1		
4253	2025-08-15 10:13:32	Farrell	1		
404	2025-08-15 10:13:32	Farrell	1		
2302	2025-08-15 10:13:34	Farrell	1		
4127	2025-08-15 10:13:37	Farrell	1		
1130	2025-08-15 10:13:37	Farrell	1		
921	2025-08-15 10:13:39	Farrell	0	This is that rear bumper I mentioned	
2238	2025-08-15 10:14:12	Farrell	1		
1039	2025-08-15 10:14:14	Farrell	1		
1760	2025-08-15 10:14:17	Farrell	0	Paired with this one	
1931	2025-08-15 10:14:28	Farrell	0	Or second one matching for front and rear	
3464	2025-08-15 10:51:03	Farrell	0	Hi so they have the two bumpers in stock do you ever buy from Wildhorses ? If so can we make the order so no tax?	
3294	2025-08-15 10:52:38	Skylar	0	You can use my ein on my invoice to get non tax if they allow it	
4551	2025-08-15 10:55:09	Farrell	0	Ok 👍	
506	2025-08-16 09:46:19	Skylar	66		
2233	2025-08-16 09:46:19	Skylar	1		
4352	2025-08-16 09:46:19	Skylar	1		
1411	2025-08-16 09:46:20	Skylar	1		
4027	2025-08-16 09:46:20	Skylar	1		
4970	2025-08-16 09:56:34	Farrell	0	Notch the cross memebrr	
640	2025-08-16 09:56:49	Farrell	0	Its the transmission	
1644	2025-08-16 09:57:11	Skylar	0	It’s notched it hits the mount	
576	2025-08-16 09:57:31	Skylar	66		
2251	2025-08-16 09:57:31	Skylar	1		
4429	2025-08-16 09:57:31	Skylar	1		
4450	2025-08-16 09:57:32	Skylar	1		
2122	2025-08-16 09:57:32	Skylar	1		
3080	2025-08-16 09:58:01	Skylar	0	I could just remove the rubber mount maybe put a lot thinner one	
2898	2025-08-16 09:58:22	Farrell	0	I can send to wildhorses on monday to see if they can advise before we make any drastic measures	
4254	2025-08-16 09:58:44	Farrell	0	Thats and option let me confirm with them first	
4909	2025-08-16 09:59:01	Skylar	0	Sounds good	
1148	2025-08-16 10:02:49	Farrell	0	1. Modify or Replace the Transmission Crossmember
- Trim or notch the top of the crossmember where the yoke contacts it
- Reinforce the area with boxed steel or gussets to maintain strength
- Alternatively, fabricate a custom crossmember with a drop or relief for the yoke

2. Adjust Transfer Case Position
- Use clocking rings or adapter plates to rotate or slightly reposition the Dana 20
- This can shift the yoke away from the interference point, but may affect driveshaft angles

3. Body or Suspension Lift
- If you’re open to it, a 1–2" body lift can create more clearance between the drivetrain and frame
- A suspension lift might help too, but could complicate driveshaft geometry

4. Swap to a Shorter Output Yoke
- Some aftermarket yokes (e.g., low-profile CV yokes) offer more clearance
- Check if your current yoke is oversized or if a shorter one is available for the Dana 20

5. Engine and Transmission Mount Adjustments
- Verify that your engine mounts and transmission adapter are properly aligned
- Slightly raising or lowering the transmission tail with shims or spacers can help reposition the transfer case

---	
4922	2025-08-16 10:03:12	Farrell	0	I checked AI for sec. Maybe one if these pop out	
2374	2025-08-16 10:03:43	Farrell	0	Your suggestion to reduce the rubber bottom mounts seem to be the best	
3310	2025-08-16 10:04:09	Farrell	0	Maybe confirm there are engine mounts. Never know with my previous guys	
4043	2025-08-16 10:05:25	Farrell	0	Would be hard to source but a different bolt head	
4890	2025-08-16 10:05:38	Farrell	0	Ill ask first thing monday	
759	2025-08-16 10:07:49	Farrell	0	Could flip the bolt orientation	
1694	2025-08-16 10:08:34	Farrell	0	Trim the bolt head. I've had to do that in the past.  Also finally shim that side of transfer case	
1528	2025-08-16 10:31:27	Farrell	0	I would like head of bolt if its enough.  Or shim that side of tranny mount plate to bring up that side needed with washers	
2646	2025-08-16 10:32:46	Farrell	0	On top of the 90 degree frame mount bracket	
3716	2025-08-16 10:33:25	Skylar	0	Yeah it would need blocks I was considering that	
5074	2025-08-16 10:33:32	Skylar	1		
2181	2025-08-16 10:33:33	Skylar	1		
4982	2025-08-16 10:33:41	Skylar	1		
3690	2025-08-16 10:33:41	Skylar	1		
898	2025-08-16 10:34:06	Skylar	0	These mounts are the main culprit causing the contact	
1171	2025-08-16 12:31:19	Farrell	0	Yes can definitely cut some meat off them	
2749	2025-08-18 13:46:41	Skylar	0	Spicer u joint. Missing the caps and little long bearing inside	
3668	2025-08-18 13:47:15	Skylar	0	Need brake lines from master cylinder down to proportioning valve	
4698	2025-08-18 13:50:18	Farrell	0	What needs to be ordered ?	
562	2025-08-18 13:50:51	Farrell	0	They should be stealing breaded flex lines somewhere there . Maybe justin has	
1663	2025-08-18 13:51:00	Farrell	0	Ill order new anyways to save time	
1489	2025-08-18 13:52:28	Farrell	0	I forgot what are the caps and the u joints are what holds the drive shafts ? Ok now I remember.  Oriellys should have just need to take to them and they will resize then simply take the caps from the new set since those shoukd be new	
2608	2025-08-18 13:53:05	Farrell	0	I can also call a parts store to confirm which ones they usually are	
3407	2025-08-18 14:03:53	Skylar	0	Spicer joint	
4410	2025-08-18 14:28:12	Skylar	0	My dad has a potential buyer on the bronco as is. I said 135k as is. 150k is our starting point to talk and we will figure out the details together it was slight rushed so off the top of my head I was thinking 10% commission whatever let’s talk about it see what number we end up on all in. Not sure if the buyer is serious. Also plenty other options if budget is a question. I want this one to go top dollar which I think is minimum 150k	
1016	2025-08-18 14:29:12	Skylar	1		
4264	2025-08-18 14:29:13	Skylar	1		
4397	2025-08-18 14:29:28	Skylar	0	What’s the story with the key, ignition and the start engine button	
1818	2025-08-18 14:30:20	Skylar	1		
1636	2025-08-18 14:30:21	Skylar	1		
3416	2025-08-18 14:30:57	Skylar	1		
1355	2025-08-18 14:30:58	Skylar	1		
1179	2025-08-18 15:19:44	Skylar	0	What to do about the space on the steering column needs a spacer	
1295	2025-08-18 15:37:37	Farrell	0	Do you know Erik owner of American gourmet on St barts	
3475	2025-08-18 15:37:42	Farrell	0	Friends of my wife	
4238	2025-08-18 15:37:46	Skylar	0	Yes	
5088	2025-08-18 15:38:40	Farrell	0	Small world small.island	
946	2025-08-18 15:38:58	Farrell	0	My wife is.dying for me to go.visit	
1822	2025-08-18 15:39:00	Skylar	0	It’s expensive there!! my wife sold him an artwork a while back	
2518	2025-08-18 15:39:14	Farrell	0	Yes hes expensive	
3530	2025-08-18 15:39:35	Farrell	0	We will come visit you after we get this white one  and maybe green one headed there	
4291	2025-08-18 15:41:37	Skylar	0	The client who wants to buy the bronco controls like 40 villas. Part of the deal can be a week or two free stay easy	
439	2025-08-18 15:42:08	Skylar	0	His wife wants the light yellow one	
1368	2025-08-18 16:33:21	Farrell	0	Sweet to both responses.  Let's make it happen	
1192	2025-08-18 16:34:28	Farrell	0	Once we sell the white one . Maybe we can suggest a pool ( llc to group invest in all three . The two 66s and the one 71 ) and they can choose once delivered.  Why. So we can share the container	
2454	2025-08-18 17:11:36	Farrell	66		
4077	2025-08-18 17:11:36	Farrell	1		
1781	2025-08-18 17:11:36	Farrell	1		
3470	2025-08-18 17:11:37	Farrell	1		
3201	2025-08-18 17:11:37	Farrell	1		
4080	2025-08-18 17:11:46	Farrell	0	The comps favor north of $150k	
4803	2025-08-18 17:12:44	Farrell	0	So any takers at $150 k  should be happy.  I think at this stage $135 today is too late. They can do $150k today and know they got a wholesale deal	
973	2025-08-19 09:30:57	Farrell	0	Hi Skylar,  summit racing have issues with the order for delivery	
789	2025-08-19 09:31:20	Farrell	1		
3249	2025-08-19 09:31:24	Farrell	1		
4131	2025-08-19 09:31:31	Farrell	0	I gave them same address as bank wire	
4832	2025-08-19 09:31:36	Farrell	0	Maybe need to change it	
846	2025-08-19 09:32:06	Farrell	0	I can all them if you want to switch address	
1612	2025-08-19 09:32:15	Farrell	0	I can call them	
2477	2025-08-19 09:32:29	Skylar	0	674 wells rd Boulder City nv 89005

Or 707 yucca st Boulder City nv 89005	
3341	2025-08-19 09:32:51	Farrell	0	Yes gave them 5he 674 wells road ill call and see whats up	
3132	2025-08-19 09:35:32	Farrell	0	Tomorrow or thursday at the latest.	
4416	2025-08-19 09:35:43	Farrell	0	They had 676 wells glad they confirmed	
3068	2025-08-19 14:56:17	Skylar	1		
2337	2025-08-19 14:56:18	Skylar	1		
3871	2025-08-19 14:56:38	Skylar	1		
1507	2025-08-19 14:56:39	Skylar	1		
3171	2025-08-20 10:43:06	Skylar	1		
4976	2025-08-20 10:43:16	Skylar	1		
3229	2025-08-20 10:43:24	Skylar	0	😍	
2038	2025-08-20 11:26:28	Farrell	0	My coyote sweet	
4119	2025-08-20 11:26:46	Farrell	0	I heard monsoons rains  coming today  hopefully will be covered	
2547	2025-08-20 11:26:51	Farrell	0	Or put inside	
1734	2025-08-20 11:59:55	Skylar	0	His garage had some space or we can put it indoors my place. We can get the interior installed	
5129	2025-08-20 12:27:40	Skylar	1		
4942	2025-08-20 12:31:25	Farrell	0	Yup definitely got one at Justin's in a miscellaneous box	
4595	2025-08-20 12:31:59	Farrell	0	You know oriellys may have one as well.  Worst case ill order on a larger list	
2880	2025-08-21 08:43:49	Skylar	0	https://www.summitracing.com/parts/oer-gt8832?seid=srese1&ppckw=pmax-tools&gclid=Cj0KCQjwh5vFBhCyARIsAHBx2wy_LYJDgmHY4eqb3hLC1mj9iYGU5-xM5kJqfjZEZ7j3g_7vbabGyJ4aAuQwEALw_wcB	
2415	2025-08-21 08:45:10	Skylar	1		
1155	2025-08-21 08:47:10	Farrell	0	Hi what glass is this for ?	
2634	2025-08-21 08:47:19	Farrell	0	Door glass ?	
665	2025-08-21 08:47:28	Skylar	0	The doors. I only got one piece of it in the last shipment	
3753	2025-08-21 08:48:01	Farrell	0	To set the single glass on the power tracks ?	
2306	2025-08-21 08:48:23	Skylar	0	Ordered the wrong amount I thought I was getting a role

Yes for setting the glass in the windows.	
685	2025-08-21 08:48:34	Farrell	0	Understood	
4178	2025-08-21 08:48:41	Skylar	0	Got the exhausts yesterday	
4348	2025-08-21 08:49:32	Skylar	0	We might be driving it today 🥹	
3604	2025-08-21 08:49:38	Farrell	0	I can order this and headlight lmob and rod setting missing deal .see if there are some other items if I get the order over $100 I get free shipping	
3803	2025-08-21 08:50:14	Skylar	0	I don’t feel like burning $50 just to get that tiny piece I wanna check with justin today in his misc box	
2103	2025-08-21 08:50:29	Farrell	0	Wow. Hate to say it i would always drain the oil ot check magnet screen oil to confirm no contamination.  It sat for along time	
5191	2025-08-21 08:51:02	Farrell	0	Also not sure if tranny fluid is full or not. Its. C6 if I remember correctly	
2206	2025-08-21 08:51:14	Skylar	66		
4286	2025-08-21 08:51:14	Skylar	1		
1465	2025-08-21 08:51:14	Skylar	1		
3712	2025-08-21 08:51:14	Skylar	1		
1013	2025-08-21 08:51:16	Skylar	1		
5227	2025-08-21 08:51:16	Skylar	1		
2050	2025-08-21 08:51:16	Skylar	1		
3399	2025-08-21 08:51:37	Farrell	0	Yes just take what ever miscellaneous  you see  theee were a couple of them	
4311	2025-08-21 08:52:36	Skylar	0	We need the back plate for the column,
The glove box is mia 

Need a plug for connecting with the sniper efi accessories 
This plug sends the message for fan a/c etc. Need it to control mostly the fan today	
4145	2025-08-21 08:52:53	Skylar	1		
5201	2025-08-21 08:52:53	Skylar	1		
3458	2025-08-21 08:53:08	Skylar	0	Might be worth getting this wilwood thing	
4996	2025-08-21 08:53:09	Farrell	0	Yes I definitely habe all those pieces. Glove box with hinges and not sure where LUPE is to catch the door .thats a very delicate mounting procedure by the way. Often the glove box will open and crack the hinge will crack the bottom paint on dash so please put tape	
864	2025-08-21 08:53:25	Farrell	0	Need to put tape on shirt to get rid of main sticky so not dangerous either	
1743	2025-08-21 08:54:31	Farrell	0	No thats adjustments from. Frnt to rear. Don't need it. Just the usually specific proportion valve we have is good set gor four wheel Disc brakes	
2624	2025-08-21 08:55:06	Farrell	0	I still need to order those master cylinder brake lines but again im sure I have a flexible steel braided set at Justin's	
3771	2025-08-21 08:55:30	Farrell	0	He has a couple of steering black plastic bronco insignia plates	
4734	2025-08-21 08:56:21	Farrell	0	No.idea we may need to call Holly for that or summit on the fan plug unless you go lucky with justin which not sure about that one	
603	2025-08-21 08:56:23	Skylar	0	We might need the adapters from the master cylinder to the lines. We ordered some raw lines we were gonna bend up our own lines today we couldn’t find what we needed. Hopefully if justin has a set that would save time for sure	
1505	2025-08-21 08:56:41	Skylar	0	Yeah I will figure out the plug situation	
2225	2025-08-21 08:57:17	Farrell	0	He definitely has them in boxes I left. Just take the boxes we just put them in his garage and I am sure he has not touched since. He has some in the 454 bed as well	
3137	2025-08-21 08:58:04	Farrell	0	Don't atempt to bend brake lines for master cylinder. They have specific ones or the flexible ones I have i mentioned	
3876	2025-08-21 08:58:23	Farrell	0	When can you take the boxes from justin.	
4741	2025-08-21 08:58:59	Farrell	0	Soon as you confirm some of the parts you need we can order the rest . Or if not convenient ill order everything one shot	
614	2025-08-21 08:59:22	Farrell	0	Meaning of justin is on the road I just order everything	
1513	2025-08-21 09:00:22	Skylar	0	I’m supposed to be seeing him today and I have the key to get in his garage so we should get the parts today. 
The only thing I need somewhat urgent is the setting tape I’d love to find it locally but haven’t	
2246	2025-08-21 09:00:34	Farrell	0	I know i have flexible brake lines. And that head light screw. And honestly pretty sure ive seen that window glass seal. And 100 💯 the steering wheel  hole cover	
3695	2025-08-21 09:00:37	Farrell	0	All band new	
4461	2025-08-21 09:00:58	Farrell	0	A glas shop will have it	
450	2025-08-21 09:01:06	Farrell	0	Windshield installer	
1144	2025-08-21 09:02:04	Farrell	0	Its at Justin's in one of those boxes. If you go to his house bring someone. It took two people to lift that truck bed cover with all the other items ontop.  Alot of stuff in the truck bed	
2091	2025-08-21 09:02:16	Farrell	0	Wish I could help you	
2876	2025-08-21 09:03:43	Skylar	0	Glass shop has it I’ll go there	
3775	2025-08-21 09:04:43	Farrell	0	Saweet	
4515	2025-08-21 09:06:12	Farrell	0	Also note. If I remember I would try and mock it uo before setting the glass with rubber. I think we had to cut and inch off the track to avoid it hitting or hanging up . I maybe wrong but try and test before otherwise we will have to break glass and buy another one	
499	2025-08-21 09:06:37	Farrell	0	The power window kit and glass kit are made by two different companies	
1265	2025-08-21 09:06:49	Farrell	0	Im one of the first to do powere single glass kit.	
2252	2025-08-21 09:07:03	Farrell	0	They have normal power but not single glass without vent glass	
3088	2025-08-21 09:10:06	Skylar	0	Yep I remember	
2907	2025-08-21 09:10:16	Skylar	0	Do we have the windshield somewhere?	
3842	2025-08-21 09:37:28	Farrell	0	No I usually order local for them to come and install. Tell them we need two. For both broncos	
5166	2025-08-21 09:37:33	Farrell	0	They usually cut it	
3888	2025-08-21 09:37:43	Farrell	0	Or they order it	
4512	2025-08-21 09:37:56	Farrell	0	I can also see about buying two from supplier to ship	
610	2025-08-21 09:38:15	Farrell	0	See if local guy usually pretty cheap snd I always have them install incase of break	
1367	2025-08-21 09:38:31	Skylar	0	150 for the windshield I think we have the gasket. I can have the windshield today at 3pm	
2228	2025-08-21 09:42:35	Farrell	0	I like sexually need some duties and the bus driver and invest with one fee. I'm sor I can't hear you. What did you say?
I stand in our cards on birthdays and even Turkey's the next year of all these special places, but also ability and then did you ask the chance what they'd like to insider us to give white white here? Thank you falls and learn me even if this is a simpler and	
2934	2025-08-21 09:42:48	Farrell	0	Sorry my phone was on voice listing to the news	
3925	2025-08-21 09:43:01	Farrell	0	Yes 150 is great and you do have gasket	
4525	2025-08-21 09:44:27	Skylar	0	😂 very interesting conversation	
1061	2025-08-21 10:12:25	Farrell	0	Jajajaj I was deleting and got tired it must of been on for awhile	
1985	2025-08-21 10:54:32	Farrell	1		
1331	2025-08-21 10:54:34	Farrell	1		
2801	2025-08-21 11:03:05	Skylar	1		
5092	2025-08-21 11:03:24	Skylar	1		
942	2025-08-21 11:25:41	Farrell	0	Its too big for a bronco	
1825	2025-08-21 13:51:36	Skylar	0	Need 

https://www.summitracing.com/parts/sne-558-491?srsltid=AfmBOoq4bE3IzLxRaF6QItIfkwwwnNECyXTlCJqp4ICQkNw6jLsQLWBo	
2568	2025-08-21 14:28:51	Farrell	0	On it.  We're you able to get that rubber glass seal ?	
3480	2025-08-21 14:29:37	Skylar	0	No. Order both, try to get quick shipping	
4243	2025-08-21 14:29:54	Farrell	0	Ok	
5094	2025-08-21 14:50:14	Farrell	0	Will be there tomorrow Holly and wkndow tape. They DO not carry that headlight piece	
952	2025-08-21 14:50:26	Farrell	0	Need to check when get Justin's parts	
1831	2025-08-21 14:50:53	Farrell	0	Keep box for Holly part if it happens to be inside Justin's as can return	
2731	2025-08-21 14:51:46	Farrell	0	Reminder with caution witj glove box install hinges will fuck up paint must tape and practice with hinge attached to dash with out the glove box to check opening and closing	
3713	2025-08-21 14:51:49	Farrell	0	For alignment	
3391	2025-08-21 14:52:03	Skylar	0	We will not mess it up	
2892	2025-08-21 14:52:10	Farrell	0	And please check power window track I am pretty sure we had to make adjustment	
2709	2025-08-21 14:52:15	Skylar	0	Yep	
3979	2025-08-21 14:52:17	Farrell	0	👊👍😁🤝	
4884	2025-08-21 14:52:26	Skylar	0	We are creeping closer and closer	
1875	2025-08-21 14:52:32	Farrell	0	I always found out the hard qay uggg	
2780	2025-08-21 14:52:38	Farrell	0	You are rocking bro	
3430	2025-08-21 14:52:40	Farrell	0	Loving it	
3673	2025-08-21 14:52:46	Farrell	0	Thank you so much	
1462	2025-08-21 14:52:50	Skylar	0	It’s really just the missing parts causing a slow down I think	
2184	2025-08-22 08:43:10	Farrell	7	https://epasperformance.com/products/1966-75-ford-bronco	
3105	2025-08-22 08:59:24	Farrell	0	Summit order out for delivery	
3941	2025-08-26 10:54:43	Skylar	0	What trans fluid? 

T case gear oil?	
3764	2025-08-26 10:56:14	Farrell	0	20/ 30 gear oil for transfer case and I would check differentials as well same	
4668	2025-08-26 10:56:53	Farrell	0	Type F for the tranny	
1178	2025-08-26 10:58:02	Farrell	0	Type F ATF.  5 to 6 quarts if just a pan drop	
5085	2025-08-26 10:58:29	Farrell	0	If the converter is low or empty it may take closer to 10 or 11 even	
4886	2025-08-26 11:20:51	Farrell	0	Justin told me he forgot the carpet kit for the green one. Nudge him until he gets it to you.  Can't start interior until them	
1289	2025-08-26 11:21:47	Farrell	0	Also when you get doors on please put a protective tape or plastic.  White gets hand prints easily . This is all after its been cleaned.	
3109	2025-08-26 12:25:00	Skylar	1		
1025	2025-08-26 12:25:01	Skylar	1		
1827	2025-08-26 12:32:15	Skylar	0	Shocks touch calipers a lot	
1082	2025-08-26 21:21:52	Skylar	66		
3721	2025-08-26 21:21:52	Skylar	1		
4462	2025-08-26 21:21:52	Skylar	1		
2815	2025-08-26 21:21:52	Skylar	1		
4093	2025-08-26 21:21:52	Skylar	1		
4756	2025-08-26 21:21:52	Skylar	1		
3896	2025-08-26 21:21:52	Skylar	1		
1264	2025-08-26 21:21:53	Skylar	1		
1630	2025-08-26 21:21:53	Skylar	1		
3574	2025-08-26 21:21:53	Skylar	1		
2297	2025-08-26 21:21:53	Skylar	1		
1069	2025-08-26 21:21:53	Skylar	1		
2976	2025-08-26 21:21:53	Skylar	1		
4257	2025-08-26 21:21:53	Skylar	1		
4904	2025-08-26 21:21:53	Skylar	1		
627	2025-08-26 21:21:53	Skylar	1		
1869	2025-08-26 21:21:53	Skylar	1		
1956	2025-08-26 21:21:53	Skylar	1		
2869	2025-08-26 21:21:53	Skylar	1		
872	2025-08-26 21:21:53	Skylar	1		
831	2025-08-26 21:21:53	Skylar	1		
2512	2025-08-26 21:21:53	Skylar	1		
3805	2025-08-26 21:21:53	Skylar	1		
2692	2025-08-26 21:21:53	Skylar	1		
4736	2025-08-26 21:21:53	Skylar	1		
1802	2025-08-26 21:21:53	Skylar	1		
4469	2025-08-26 21:21:54	Skylar	1		
5121	2025-08-26 21:21:54	Skylar	1		
1706	2025-08-26 21:21:54	Skylar	1		
1472	2025-08-26 21:21:54	Skylar	1		
879	2025-08-26 21:21:54	Skylar	1		
1453	2025-08-26 21:21:54	Skylar	1		
3705	2025-08-26 21:21:54	Skylar	1		
2286	2025-08-26 21:21:54	Skylar	1		
4208	2025-08-26 21:21:54	Skylar	1		
1271	2025-08-26 21:21:54	Skylar	1		
3792	2025-08-26 21:21:54	Skylar	1		
2570	2025-08-26 21:21:55	Skylar	1		
1191	2025-08-26 21:21:55	Skylar	1		
3510	2025-08-26 21:21:55	Skylar	1		
3567	2025-08-26 21:21:55	Skylar	1		
1322	2025-08-26 21:21:55	Skylar	1		
3761	2025-08-26 21:21:55	Skylar	1		
3707	2025-08-26 21:21:55	Skylar	1		
894	2025-08-26 21:21:55	Skylar	1		
3939	2025-08-26 21:21:56	Skylar	1		
4718	2025-08-26 21:21:56	Skylar	1		
1385	2025-08-26 21:21:56	Skylar	1		
1112	2025-08-26 21:21:56	Skylar	1		
3845	2025-08-26 21:21:56	Skylar	1		
389	2025-08-26 21:21:56	Skylar	1		
4695	2025-08-26 21:21:57	Skylar	1		
3671	2025-08-26 21:21:57	Skylar	1		
2619	2025-08-26 21:21:57	Skylar	1		
3854	2025-08-26 21:21:57	Skylar	1		
1412	2025-08-26 21:21:57	Skylar	1		
1118	2025-08-26 21:21:57	Skylar	1		
3735	2025-08-26 21:21:58	Skylar	1		
1531	2025-08-26 21:21:58	Skylar	1		
1243	2025-08-26 21:21:58	Skylar	1		
4421	2025-08-26 21:21:59	Skylar	1		
444	2025-08-26 21:22:34	Skylar	7	https://www.cjponyparts.com/acp-radiator-bracket-w-insulators-black-set-bronco/p/RADB20K/?gad_source=1&gad_campaignid=17339246521&gbraid=0AAAAAD1v5VlWzwVO6QK2eRriUY1FWjRWV	
1318	2025-08-26 21:34:03	Farrell	0	I got most of this at Justin's	
1982	2025-08-26 21:34:10	Farrell	0	If not all of it	
3002	2025-08-26 21:34:49	Farrell	0	Need to get to Justin's garage and go thru the goody boxes 📦	
3755	2025-08-27 10:11:41	Skylar	0	Do you know what t case it has?	
4626	2025-08-27 10:13:28	Skylar	0	Dana 20?	
492	2025-08-27 12:17:02	Farrell	0	Yes Dana 20	
1380	2025-08-27 12:17:26	Farrell	0	Should be a J case . T case came only on 75 and up	
2087	2025-08-27 12:17:41	Farrell	0	I will share pic to be alike to tell the difference	
3040	2025-08-27 12:17:49	Farrell	0	Actually it may be a T	
2863	2025-08-27 12:18:00	Skylar	0	Ok yeah a yoke nut was misplaced so I got a new one hopefully it’s right. Tough to find	
4856	2025-08-27 12:21:25	Farrell	0	Ugg ill bet	
4584	2025-08-27 12:21:34	Farrell	0	I thought I ordered some	
5047	2025-08-27 12:21:40	Farrell	66		
2490	2025-08-27 12:21:40	Farrell	1		
3748	2025-08-27 12:21:40	Farrell	1		
2870	2025-08-27 12:21:41	Farrell	1		
1176	2025-08-27 12:21:41	Farrell	1		
2040	2025-08-27 12:22:05	Farrell	0	This is a J and whats needed for the twin stick. If you dont have this one then its a T	
2954	2025-08-27 12:22:21	Farrell	0	When I ordered the Yokes I ordered nuts	
3714	2025-08-27 12:22:29	Farrell	0	I knew they were missing	
4596	2025-08-27 12:22:33	Farrell	0	Anyways	
4936	2025-08-27 12:23:03	Farrell	0	Justin text me about getting you in the garage for parts. Got to stay on him for the carpet kit as well	
738	2025-08-27 12:23:25	Farrell	0	I love him but hes always got soo much going on things get pushed back and pushed back etc	
1739	2025-08-27 12:24:11	Farrell	0	I got a killer new Concept i created for a Starbucks 2.0	
2426	2025-08-27 12:24:22	Skylar	0	Let’s hear it	
3680	2025-08-27 12:24:30	Farrell	0	I will share its an easy investment and the returns are sick	
4567	2025-08-27 12:24:37	Farrell	1		
553	2025-08-27 12:24:42	Farrell	0	Emailing	
1483	2025-08-27 12:48:12	Farrell	0	I agree I deserve the power steps ansmd the bumpers to be honest . He robbed my rims and tires Wildwood and bumpers	
1211	2025-08-27 12:48:29	Farrell	0	Ill talk with jiustin	
2095	2025-08-27 12:49:18	Skylar	0	Having parts would keep us on track and if anything just write and sign an iou for the record	
3237	2025-08-27 14:46:37	Farrell	66		
1853	2025-08-27 14:46:37	Farrell	1		
1905	2025-08-27 14:46:37	Farrell	1		
2296	2025-08-27 14:46:38	Farrell	1		
396	2025-08-27 14:46:38	Farrell	1		
1704	2025-08-27 15:03:18	Skylar	0	We can do that	
3482	2025-08-27 15:17:32	Farrell	0	I like how they just used the factory tranny tunnel. With that body life I have plenty of room , polished aluminum bezel and boom	
4239	2025-08-27 15:17:46	Farrell	0	Large analytic touch screen in middle	
5241	2025-08-27 15:18:27	Skylar	0	Touch screens are 🤮 unless you can convince me otherwise! lol 

Motec makes a good touch screen $$$	
1129	2025-08-27 15:21:18	Farrell	0	I agree just cool for looks and passenger engagement can incorporate the holley tuning	
1977	2025-08-27 15:21:49	Skylar	0	I want to make a type of hideaway screen so user can have both	
2838	2025-08-27 15:21:56	Farrell	0	Anyways I like thr cup holder more .I am happy the current dash design is did by moving cluster to middle snd cleaning it up	
2651	2025-08-27 15:22:46	Skylar	0	Hella ya cup holders are better than screens	
3921	2025-08-27 15:28:13	Farrell	0	Texting with justin about getting you missing parts hes chatting on the other text so maybe give him a hello how can you assist and shooting him missing parts needed as well as found the headlight part	
830	2025-08-27 15:32:38	Skylar	1		
3700	2025-08-27 15:32:39	Skylar	1		
4627	2025-08-27 15:33:44	Skylar	2		
4517	2025-08-27 15:33:49	Skylar	2		
476	2025-08-27 17:28:45	Farrell	0	Don't know	
5091	2025-08-27 17:28:49	Farrell	0	Forgot what it is	
1101	2025-08-27 17:28:54	Farrell	0	What's leaking ?	
1828	2025-08-27 17:29:00	Farrell	0	Tranny?	
2726	2025-08-27 17:29:48	Farrell	0	Rpm not reading on cluster	
3490	2025-08-27 17:30:07	Farrell	0	Nothing reading	
4379	2025-08-27 18:08:31	Skylar	0	That was from filling the t case no worries. 

Having an issue with the heat/ or at least the incorrect reading. The computer says 210 but when we check it with the temp gun the block is like 150.

Will need to look at the Dakota digital and see why it’s not picking up temp or rpm.	
5102	2025-08-28 08:31:59	Farrell	0	Good morning  yes reminder call Dakota technical support for any issues. Not sure what model the cluster is , designated 8 inch model specific for broncos there are several models	
1111	2025-08-28 08:32:27	Farrell	0	Also initiated wire.	
1833	2025-08-28 08:33:08	Farrell	0	Could I please get two nice pics of green coyote also if not difficult one door with door panel on would be huge	
2774	2025-08-28 08:34:07	Farrell	0	Going to order bumpers today.  I sent messages about the amp steps from the white one in Justin's garage. Off the losers old white ghetto build waiting for reply	
2576	2025-08-28 08:35:12	Farrell	0	I mentioned you offered to get the carpet kit in Pahrump as well to get things moving. Got to have that green one completed as well snailing along	
3725	2025-08-28 09:39:47	Skylar	0	I spoke with justin about the carpet he said he’s going there today to get it	
802	2025-08-28 10:01:14	Skylar	0	Here my mechanics notes. 

Traced down wrong wiring from msd box to distributor 
Finished wiring in engine bay
Wired up fans to relay / sniper
Installed steering column , aligned column, made plugs from steering column to fuse box
Ran and installed wiring to gauge controller 
Mount gauge cluster
Relocated handheld controller to inside of cab
Ran wiring from front to rear (fuel pump, tail lights, turn signals etc
Made plugs and wired tail lights fuel pump etc
Installed yokes on transfer case, cut down crossmember mounts to clear yoke, welded and installed rear drive shaft
Installed steering shaft
Installed brake booster/master made brake lines
Checked firing order installed spark plug wires
Installed ground straps from battery to motor, motor to frame
Tightened leaf spring and shackle bolts
Tightened all fuel line, transmission line fittings
Cut down window tracks and installed window in tracks with window tape, installed windows in doors, made plugs for window motors
Wired up headlight switch , brake light switch, wiper switch, ignition switch
Cut whole bigger in floor for transfer case shifters
Installed column shift linkage 
Mount fuel tank
Mounted fuel filler neck to gas tank
Made throttle cable and transmission kick down
Wired front blinkers , running lights, head lights	
563	2025-08-28 10:01:19	Skylar	2		
3245	2025-08-28 10:01:29	Skylar	2		
3024	2025-08-28 10:09:54	Farrell	0	Yes call Dakota could be a failed sending unit in their system or calibration is required	
4190	2025-08-28 10:10:19	Farrell	0	[Name] Dakota Digital Customer Service
[Work info] Tim
[MOBILE] (800) 593-4160	
5215	2025-08-28 10:13:13	Skylar	0	I’ve got the gauge working it’s a separate problem from the sniper reading	
2266	2025-08-28 10:13:16	Skylar	1		
3154	2025-08-28 10:13:17	Skylar	1		
4716	2025-08-28 10:30:24	Skylar	0	Holley wants a proof of purchase. They want to send a replacement sensor	
592	2025-08-28 10:30:58	Skylar	0	Can you email or text a receipt or a customer account name and email?	
1491	2025-08-28 11:24:33	Farrell	0	Farrell Goodman and I bought from Summit Racing	
2208	2025-08-28 11:25:08	Farrell	0	Fuck I bought it 2 years ago thats how long this build has been sitting	
3107	2025-08-28 11:25:21	Farrell	0	See if the will work with my name and summit racing	
3864	2025-08-28 11:25:26	Farrell	0	Point of sale	
4729	2025-08-28 11:25:30	Farrell	0	If not ill call them	
599	2025-08-28 11:41:46	Farrell	0	Tell them we are builders specializing in broncos  20 a year please send  the unit	
1500	2025-08-28 11:41:48	Farrell	0	They will	
2222	2025-08-28 11:42:21	Farrell	0	Unless they direct us to go thru summit  only uggg	
3123	2025-08-28 11:42:31	Farrell	0	Worst case I buy it , not expensive	
3870	2025-08-28 11:43:12	Farrell	0	Reminder couple exterior pics of green rig in your shop I want to send to potential buyer	
4738	2025-08-28 12:09:30	Farrell	0	I think we ordered the wrong shocks and might be able to swap them out for longer ones thru summit	
615	2025-08-28 12:09:39	Farrell	0	I can call them to find out	
1516	2025-08-28 12:10:12	Farrell	0	Apologies it was wild horse fuck. They will want us to pay for shipping etc.	
2236	2025-08-28 12:10:38	Farrell	0	That truck has a 2.5 coil and leaf lift possible the reasons shocks are hitting	
3193	2025-08-28 12:10:48	Farrell	0	Unless you solved	
2985	2025-08-28 12:31:25	Farrell	0	You will need hinges for the glove box	
4306	2025-08-28 12:31:40	Farrell	0	Also a loop with backing plate for the lock to crab	
554	2025-08-28 12:32:11	Farrell	1		
2259	2025-08-28 12:32:12	Farrell	1		
800	2025-08-28 13:49:07	Skylar	2		
2813	2025-08-28 13:49:09	Skylar	2		
3696	2025-08-28 13:49:26	Skylar	0	We need the carpet!! lol 😂	
4456	2025-08-28 13:52:41	Farrell	0	Can you just send a few photos profile of this	
441	2025-08-28 13:52:44	Farrell	0	Yes need carpet bad	
611	2025-08-28 13:52:57	Farrell	0	He's got to get it this week	
1691	2025-08-28 13:53:25	Farrell	0	Prefer pics over video	
3013	2025-08-28 13:56:34	Farrell	1		
3387	2025-08-28 13:56:35	Farrell	1		
4318	2025-08-28 13:56:44	Skylar	0	Mmmmmm nice	
4132	2025-08-28 14:04:35	Farrell	0	👊🫵🤝🙏	
544	2025-08-28 14:04:49	Farrell	0	Reminder couple still pics of green one please	
5172	2025-08-28 15:28:28	Skylar	1		
2409	2025-08-28 15:28:28	Skylar	1		
2582	2025-08-28 15:28:33	Skylar	1		
4766	2025-08-28 15:28:34	Skylar	1		
1710	2025-08-28 15:28:36	Skylar	1		
4198	2025-08-28 15:28:37	Skylar	1		
3536	2025-08-28 15:28:46	Skylar	1		
1283	2025-08-28 15:28:47	Skylar	1		
3100	2025-08-28 15:28:49	Skylar	1		
719	2025-08-28 15:28:50	Skylar	1		
1725	2025-08-28 15:29:23	Skylar	0	We are getting things in. It will be quick to put in the carpet when it arrives	
1317	2025-08-28 15:29:33	Skylar	1		
3810	2025-08-28 15:29:33	Skylar	1		
3192	2025-08-28 15:29:45	Skylar	1		
4024	2025-08-28 15:29:46	Skylar	1		
4762	2025-08-28 15:30:28	Skylar	1		
1075	2025-08-28 15:30:28	Skylar	1		
1740	2025-08-28 15:32:10	Skylar	1		
3494	2025-08-28 15:32:11	Skylar	1		
4390	2025-08-28 15:37:50	Farrell	0	Thank you	
5104	2025-08-28 15:40:38	Farrell	0	Definitely needs some cleaning and tear repair in back quarter panel passenger side upper . You should have door inside door handles if not I have New sets at Justin's.	
1120	2025-08-28 15:41:32	Farrell	0	They have the speakers  if not I have some at Justin's.   The truck was definitely drop off with speakers.   Also I dont see the white matching dash pad I hope its there	
1838	2025-08-28 15:41:53	Farrell	0	Thanks for the photos.  I also sent brand new set of seat belts	
2782	2025-08-28 15:42:31	Farrell	0	I guess they are already installed	
2583	2025-08-28 15:43:05	Farrell	0	Shit the radio was in the center console	
3779	2025-08-28 15:43:23	Farrell	0	Where is the center console?	
4745	2025-08-28 15:47:15	Skylar	0	Dash is there, haven’t seen a center console	
799	2025-08-28 17:09:36	Skylar	0	What gen engine is this coyote ?	
2003	2025-08-28 17:14:11	Skylar	66		
4156	2025-08-28 17:14:11	Skylar	2		
3689	2025-08-28 17:14:11	Skylar	2		
1972	2025-08-28 17:14:11	Skylar	2		
2980	2025-08-28 17:14:11	Skylar	2		
5206	2025-08-28 17:14:11	Skylar	2		
4684	2025-08-28 17:14:11	Skylar	2		
2058	2025-08-28 17:14:11	Skylar	2		
3931	2025-08-28 17:14:11	Skylar	2		
812	2025-08-28 17:14:11	Skylar	2		
4053	2025-08-28 17:14:11	Skylar	2		
4049	2025-08-28 17:14:11	Skylar	1		
1046	2025-08-28 17:14:12	Skylar	1		
1038	2025-08-28 17:14:12	Skylar	1		
2170	2025-08-28 17:14:12	Skylar	1		
2834	2025-08-28 17:14:12	Skylar	1		
2972	2025-08-28 17:14:12	Skylar	1		
1098	2025-08-28 17:14:12	Skylar	1		
4897	2025-08-28 17:14:12	Skylar	1		
4426	2025-08-28 17:14:12	Skylar	1		
3031	2025-08-28 17:14:12	Skylar	1		
2992	2025-08-28 17:14:12	Skylar	1		
4851	2025-08-28 17:14:12	Skylar	1		
1392	2025-08-28 17:14:12	Skylar	1		
4276	2025-08-28 17:14:12	Skylar	1		
1160	2025-08-28 17:14:12	Skylar	1		
3326	2025-08-28 17:14:12	Skylar	1		
709	2025-08-28 17:14:12	Skylar	1		
4104	2025-08-28 17:14:12	Skylar	1		
3892	2025-08-28 17:14:12	Skylar	1		
5069	2025-08-28 17:14:13	Skylar	1		
3152	2025-08-28 17:14:13	Skylar	1		
5183	2025-08-28 17:14:13	Skylar	1		
2186	2025-08-28 17:14:13	Skylar	1		
3405	2025-08-28 17:14:13	Skylar	1		
722	2025-08-28 17:14:13	Skylar	1		
1926	2025-08-28 17:14:13	Skylar	1		
5230	2025-08-28 17:14:13	Skylar	1		
4261	2025-08-28 17:14:13	Skylar	1		
2632	2025-08-28 17:14:13	Skylar	1		
4852	2025-08-28 17:14:13	Skylar	1		
3211	2025-08-28 17:14:13	Skylar	1		
1756	2025-08-28 17:14:13	Skylar	1		
4223	2025-08-28 17:14:13	Skylar	1		
4121	2025-08-28 17:14:13	Skylar	1		
5109	2025-08-28 17:14:13	Skylar	1		
1138	2025-08-28 17:14:13	Skylar	1		
1241	2025-08-28 17:14:13	Skylar	1		
1876	2025-08-28 17:14:13	Skylar	1		
960	2025-08-28 17:14:13	Skylar	1		
3789	2025-08-28 17:14:14	Skylar	1		
2155	2025-08-28 17:14:14	Skylar	1		
4016	2025-08-28 17:14:14	Skylar	1		
3177	2025-08-28 17:14:14	Skylar	1		
2690	2025-08-28 17:14:14	Skylar	1		
2953	2025-08-28 17:14:14	Skylar	1		
3757	2025-08-28 17:14:14	Skylar	1		
552	2025-08-28 17:14:14	Skylar	1		
3117	2025-08-28 17:14:14	Skylar	2		
4092	2025-08-28 17:14:14	Skylar	2		
3859	2025-08-28 17:14:14	Skylar	2		
5024	2025-08-28 17:14:14	Skylar	2		
1215	2025-08-28 17:14:14	Skylar	2		
2329	2025-08-28 17:14:14	Skylar	2		
3386	2025-08-28 17:14:14	Skylar	2		
4004	2025-08-28 17:14:14	Skylar	1		
1105	2025-08-28 17:14:14	Skylar	1		
3180	2025-08-28 17:14:15	Skylar	1		
5084	2025-08-28 17:14:15	Skylar	1		
2946	2025-08-28 17:14:15	Skylar	1		
667	2025-08-28 17:14:15	Skylar	1		
467	2025-08-28 17:14:15	Skylar	1		
4858	2025-08-28 17:14:15	Skylar	1		
5073	2025-08-28 17:14:15	Skylar	1		
2362	2025-08-28 17:14:15	Skylar	1		
2078	2025-08-28 17:14:15	Skylar	1		
2183	2025-08-28 17:14:15	Skylar	1		
3217	2025-08-28 17:14:15	Skylar	1		
4328	2025-08-28 17:14:15	Skylar	1		
5110	2025-08-28 17:14:15	Skylar	1		
761	2025-08-28 17:14:15	Skylar	1		
2133	2025-08-28 17:14:15	Skylar	1		
3545	2025-08-28 17:14:16	Skylar	1		
992	2025-08-28 17:14:16	Skylar	1		
2581	2025-08-28 17:14:16	Skylar	1		
767	2025-08-28 17:14:16	Skylar	1		
1362	2025-08-28 17:14:16	Skylar	1		
2857	2025-08-28 17:14:16	Skylar	1		
3240	2025-08-28 17:14:16	Skylar	1		
4265	2025-08-28 17:14:16	Skylar	1		
1358	2025-08-28 17:14:16	Skylar	1		
3424	2025-08-28 17:14:16	Skylar	1		
421	2025-08-28 17:14:16	Skylar	1		
3856	2025-08-28 17:14:16	Skylar	1		
4597	2025-08-28 17:14:16	Skylar	1		
1573	2025-08-28 17:14:16	Skylar	1		
3360	2025-08-28 17:14:22	Skylar	2		
2499	2025-08-28 17:14:25	Skylar	2		
4953	2025-08-28 17:14:26	Skylar	2		
4109	2025-08-28 17:14:27	Skylar	2		
4278	2025-08-28 17:14:28	Skylar	2		
2355	2025-08-28 17:14:30	Skylar	2		
3627	2025-08-28 17:14:33	Skylar	2		
454	2025-08-28 17:14:34	Skylar	2		
2216	2025-08-28 17:14:34	Skylar	2		
2532	2025-08-28 17:14:35	Skylar	2		
4535	2025-08-28 17:14:36	Skylar	1		
2301	2025-08-28 17:14:36	Skylar	1		
4835	2025-08-28 17:14:36	Skylar	1		
4981	2025-08-28 17:14:36	Skylar	1		
2742	2025-08-28 17:14:37	Skylar	1		
520	2025-08-28 17:14:37	Skylar	1		
5139	2025-08-28 17:14:37	Skylar	1		
2571	2025-08-28 17:14:38	Skylar	1		
2861	2025-08-28 17:14:38	Skylar	1		
617	2025-08-28 17:14:38	Skylar	1		
4474	2025-08-28 17:14:38	Skylar	1		
5061	2025-08-28 17:14:38	Skylar	1		
3723	2025-08-28 17:14:38	Skylar	1		
2949	2025-08-28 17:14:38	Skylar	1		
699	2025-08-28 17:14:39	Skylar	1		
1337	2025-08-28 17:14:39	Skylar	1		
3901	2025-08-28 17:14:39	Skylar	1		
2476	2025-08-28 17:14:39	Skylar	1		
2152	2025-08-28 17:14:39	Skylar	1		
4812	2025-08-28 17:14:39	Skylar	1		
1947	2025-08-28 17:14:40	Skylar	1		
4523	2025-08-28 17:14:40	Skylar	1		
2245	2025-08-28 17:14:40	Skylar	1		
4949	2025-08-28 17:14:40	Skylar	1		
1458	2025-08-28 17:14:41	Skylar	1		
4554	2025-08-28 17:14:41	Skylar	1		
3999	2025-08-28 17:14:41	Skylar	1		
1254	2025-08-28 17:14:41	Skylar	1		
3799	2025-08-28 17:14:41	Skylar	1		
2855	2025-08-28 17:14:41	Skylar	1		
3086	2025-08-28 17:14:41	Skylar	1		
2473	2025-08-28 17:14:42	Skylar	1		
386	2025-08-28 17:14:42	Skylar	1		
3969	2025-08-28 17:14:42	Skylar	1		
1673	2025-08-28 17:14:42	Skylar	1		
4370	2025-08-28 17:14:42	Skylar	1		
2817	2025-08-28 17:14:43	Skylar	1		
988	2025-08-28 17:14:43	Skylar	1		
424	2025-08-28 17:14:43	Skylar	1		
4747	2025-08-28 17:14:44	Skylar	1		
1901	2025-08-28 17:14:44	Skylar	1		
4008	2025-08-28 17:14:44	Skylar	1		
1557	2025-08-28 17:14:44	Skylar	1		
3034	2025-08-28 17:14:44	Skylar	1		
715	2025-08-28 17:14:44	Skylar	1		
425	2025-08-28 17:14:44	Skylar	1		
3606	2025-08-28 17:14:44	Skylar	1		
410	2025-08-28 17:14:45	Skylar	2		
2234	2025-08-28 17:14:47	Skylar	2		
2016	2025-08-28 17:14:49	Skylar	2		
2549	2025-08-28 17:14:50	Skylar	2		
4457	2025-08-28 17:14:52	Skylar	2		
2947	2025-08-28 17:14:53	Skylar	2		
639	2025-08-28 17:14:55	Skylar	2		
1934	2025-08-28 17:14:56	Skylar	1		
4630	2025-08-28 17:14:57	Skylar	1		
4838	2025-08-28 17:14:57	Skylar	1		
2642	2025-08-28 17:14:57	Skylar	1		
4542	2025-08-28 17:14:58	Skylar	1		
1877	2025-08-28 17:14:58	Skylar	1		
4583	2025-08-28 17:14:58	Skylar	1		
2336	2025-08-28 17:14:58	Skylar	1		
1344	2025-08-28 17:14:58	Skylar	1		
4712	2025-08-28 17:14:58	Skylar	1		
2349	2025-08-28 17:14:58	Skylar	1		
4962	2025-08-28 17:14:58	Skylar	1		
2456	2025-08-28 17:14:59	Skylar	1		
2665	2025-08-28 17:14:59	Skylar	1		
3927	2025-08-28 17:14:59	Skylar	1		
4507	2025-08-28 17:14:59	Skylar	1		
2778	2025-08-28 17:14:59	Skylar	1		
2106	2025-08-28 17:14:59	Skylar	1		
1946	2025-08-28 17:15:00	Skylar	1		
4407	2025-08-28 17:15:00	Skylar	1		
2333	2025-08-28 17:15:00	Skylar	1		
3923	2025-08-28 17:15:00	Skylar	1		
5138	2025-08-28 17:15:00	Skylar	1		
4472	2025-08-28 17:15:01	Skylar	1		
5108	2025-08-28 17:15:01	Skylar	1		
2818	2025-08-28 17:15:01	Skylar	1		
1621	2025-08-28 17:15:01	Skylar	1		
1675	2025-08-28 17:15:02	Skylar	1		
2627	2025-08-28 17:15:02	Skylar	1		
4232	2025-08-28 17:15:02	Skylar	1		
1848	2025-08-28 17:15:02	Skylar	1		
2546	2025-08-28 17:23:35	Farrell	0	Gen 2	
3146	2025-08-28 17:23:54	Farrell	0	Actually need to get engine number to confirm	
4959	2025-08-28 17:24:08	Farrell	0	Or can send me vin and ill call velocity to confirm	
4283	2025-08-28 17:24:28	Farrell	0	Also note got to get your interior guys on that interior and I need to know how much to clean like new. If too much I have a Complete Brand new set Parchment white fronts rear fold n tumble. Brackets , new door panels armrest , cups , rear quarter panels etc still in box. We will simply use that one	
4908	2025-08-28 17:24:29	Farrell	0	Note I would orefer the current set diamond stitch but those perforated hole make look rear dirty and a few stuff marks	
750	2025-08-28 17:24:29	Farrell	0	Geoffa kid can come bid it ....	
1521	2025-08-28 17:25:48	Skylar	0	The interior is really really dirty almost better to put this interior into a cheaper vehicle and go with something actually brand new	
2577	2025-08-28 17:26:51	Skylar	0	I’d be happy to meet the Detailer	
2398	2025-08-28 17:31:43	Farrell	0	Agreed I have a brand new set in the box we will use the center console and dash . It should clean up . Your going to need to get the full set from Justin's garage	
3538	2025-08-28 17:41:32	Farrell	0	Gen 3 coyote with a 6r80 transmission	
4609	2025-08-28 17:54:00	Skylar	0	Awesome	
1661	2025-08-28 17:54:04	Skylar	1		
3965	2025-08-28 17:54:05	Skylar	1		
4823	2025-08-28 19:54:59	Farrell	0	I have a set of satin black factory bumpers new in the box at Justin's lets see how they look.	
650	2025-08-28 19:55:12	Farrell	0	The chrome loom good on this one.  Nice pics	
1640	2025-08-28 19:55:47	Farrell	0	Don't install all the way just mock up to check gaps	
2372	2025-08-28 19:56:20	Skylar	0	Can’t wait to get bumpers. Received the payment thank will send an invoice/receipt	
3155	2025-08-28 19:57:11	Farrell	0	Yes.   Get the bumpers from just just to check . The.body lift may be higher then the velocity one so will have more of a gap	
4078	2025-08-28 19:57:25	Farrell	0	Otherwise  the ones I have will work fine	
3881	2025-08-28 20:00:38	Farrell	0	Got to find a way to clean the stitching has to be a liquid to do it	
2057	2025-08-28 20:01:57	Skylar	0	I’d think something like heat extraction combined with the right cleaner	
1887	2025-08-28 20:06:56	Farrell	7	3D All Purpose Cleaner 
 https://a.co/d/42knpAq	
2902	2025-08-28 20:07:25	Farrell	0	Dirt does not we need a steam cleaner machine.  Maybe a carpet cleaner	
3605	2025-08-28 20:07:42	Skylar	0	I have a great steamer	
2508	2025-08-28 20:08:00	Skylar	0	We’ve got the tools	
4992	2025-08-28 20:10:39	Farrell	7	This multipurpose cleaner uses nano-technology to effectively lift away dirt and grime, making it a game-changer for your car's interior. Check it out now! 
 https://a.co/d/70UEaIt	
680	2025-08-28 20:11:44	Farrell	0	Either one of these liquids will work. Haut need to spray the material let the liquid sit then suck it out with the steam cleaner.	
1253	2025-08-28 20:11:56	Farrell	0	That interior looks good	
1813	2025-08-28 20:12:07	Farrell	0	The new one won't be a nice .	
1371	2025-08-29 11:27:18	Skylar	0	Is the trans on the white one a c6?	
728	2025-08-29 11:38:17	Farrell	0	Yes	
4373	2025-08-29 11:38:37	Farrell	0	Long gear ratio	
2411	2025-08-29 11:39:11	Farrell	0	On the twin stick. The outter passenger side stick back should be rear wheel high	
1649	2025-08-29 11:39:27	Farrell	0	Driver side is for front axle	
3850	2025-08-29 12:06:10	Skylar	2		
4484	2025-08-29 12:06:15	Skylar	2		
4115	2025-08-29 12:36:52	Farrell	0	She's alive!  Can't wait to hear it with mufflers.  Should sound beastly	
2127	2025-08-29 12:37:20	Farrell	0	That color is tight	
4516	2025-08-29 12:37:32	Farrell	0	Wondering if a gold or bronze rim would of looked cooler	
1071	2025-08-29 12:38:34	Farrell	1		
4553	2025-08-29 12:38:34	Farrell	1		
4216	2025-08-29 12:38:43	Skylar	0	I’d prefer a different rim. The tires are hitting, likely due to the lack of shock and the lack of that little bracket	
3825	2025-08-29 12:39:00	Skylar	0	I’d like to see a deeper rim these are too flat	
5202	2025-08-29 12:39:44	Farrell	0	There are not alot of options with the rught offset so they dont rub on the radius arms	
4455	2025-08-29 12:40:01	Farrell	0	Trust my i have reached high and low	
1206	2025-08-29 12:40:20	Skylar	0	I’m getting some custom made for the blazer	
428	2025-08-29 12:40:25	Farrell	0	What are the tire hitting ?	
4179	2025-08-29 12:40:43	Farrell	1		
966	2025-08-29 12:40:44	Farrell	1		
4235	2025-08-29 12:41:01	Farrell	0	Got to stay in budget if the new buyer wants they can do	
3527	2025-08-29 12:42:29	Farrell	0	Once we get bumpers on and tire shine it will look alot better	
4459	2025-08-29 12:42:45	Skylar	0	Yeah	
4285	2025-08-29 12:42:56	Farrell	0	Where are tires rubbing. Fender or inside radius arms on tight turn	
649	2025-08-29 12:44:24	Farrell	0	I can hear it inside radius arms tight turn thats normal. I can buy James Duff arms that are convex inside, and it gets rid of that . But its gonna have to stay for now	
1619	2025-08-29 12:44:28	Skylar	1		
3288	2025-08-29 12:44:29	Skylar	1		
814	2025-08-29 12:47:02	Farrell	1		
1723	2025-08-29 12:47:03	Farrell	1		
2600	2025-08-29 12:47:28	Farrell	0	Did you see any of these lying around between this truck or Justin's?	
3328	2025-08-29 12:47:37	Farrell	0	It will move the front tire forward	
4320	2025-08-29 12:48:17	Farrell	0	Specific for Dana 44. Will need to cut a socket to key into the slots to remove. .I install them on all my broncos drives better as well that 1/2 inch forward	
5200	2025-08-29 12:48:34	Skylar	0	I have the socket tool for adjusting those	
1244	2025-08-29 12:48:35	Farrell	0	They are for camber i had a pair .if not I can order on summit.	
686	2025-08-29 12:48:43	Farrell	0	Saweet	
501	2025-08-29 12:49:33	Farrell	0	Were you able to get with  Dakota for sending temp sending unit or was i going to do it ?	
1766	2025-08-29 12:50:59	Farrell	0	Also do you still have boxes for shocks  because if we go up an 1inch it may give the springs aslight lift to assist in clearing	
4269	2025-08-29 12:51:13	Skylar	1		
4998	2025-08-29 12:51:14	Skylar	1		
2081	2025-08-29 12:51:22	Skylar	1		
5013	2025-08-29 12:51:23	Skylar	1		
1201	2025-08-29 12:51:43	Skylar	0	We have the boxes for the shocks	
1914	2025-08-29 12:51:59	Farrell	0	We should do the camber bolt first to clear. When possible if someone can peak inside to make sure its not already been done	
2982	2025-08-29 12:52:04	Farrell	0	I dont think so	
3744	2025-08-29 12:52:24	Farrell	0	So the cylinders are too big correct	
4618	2025-08-29 12:54:09	Farrell	0	Call me when you have a second to confirm i will work on getting the shocks swapped,  camber bolts and temp sending for that cluster replaced	
429	2025-08-29 13:08:47	Farrell	0	Did you bleed the coolant system. Thats usually the problem with temp reading.	
1422	2025-08-29 13:09:04	Farrell	0	Im on phone getting replacement now	
2289	2025-08-29 13:09:29	Skylar	0	The temp gun was reading 140-150 the sensor was 210++	
3102	2025-08-29 13:09:46	Farrell	0	Did you bleed the system thats a primary cause	
1924	2025-08-29 13:12:36	Skylar	0	That’s why we’ve got it outside on the lift so we can bleed it a bit more thorough	
2825	2025-08-29 13:17:15	Farrell	0	Anyways new sensor coming being mailed on Tuesday labor day on monday. Yes if air in the system will be the usual cause of amp temp rateb	
3659	2025-08-29 13:17:43	Farrell	0	I will work on shocks tower issue and camber bolts	
3479	2025-08-29 13:23:20	Farrell	0	What else do we need from Summit?	
4723	2025-08-29 13:51:23	Farrell	0	Camber bolts ordered and shipped	
634	2025-08-29 13:55:37	Farrell	0	Called wild horses,  not uncommon with rear  disc kit . They said longer bolt and move lower mount to outside of pirch and mount to extended bolt will solve	
5242	2025-08-29 13:57:00	Skylar	0	That’s what I was thinking but I didn’t really like that option	
1131	2025-08-29 13:59:00	Farrell	0	Nor did I but it seems to be the only way with the rear disc kit . Unless you want to quickly cut pirch and weld  then  orielly gloss engine paint rattle can	
1981	2025-08-29 14:06:46	Farrell	0	We're you able to grab the black bumpers from justin or do tou have any old factory Ford Bronco bumpers lying around to mock and look	
2901	2025-08-29 14:06:58	Farrell	0	Or should I just go ahead and buy the other bumpers	
3603	2025-08-29 14:07:10	Farrell	0	I know with those rims will look good and cover gaps	
3855	2025-08-29 14:16:55	Skylar	0	I spoke with justin earlier he went to get parts from Pahrump I’ll see him later today	
2146	2025-08-29 16:57:29	Farrell	2		
4779	2025-08-29 16:57:29	Farrell	2		
3248	2025-09-02 09:25:45	Farrell	0	Hola , Dakota sensor was shipping this morning for temp	
3910	2025-09-02 09:25:54	Farrell	0	Did rid the air in system work?	
4761	2025-09-02 09:26:36	Farrell	0	Did you receive all the rest of part carpet kit, center console and speakers with radio head for green bronco	
749	2025-09-02 12:51:12	Skylar	0	Yes we have carpet kit	
1742	2025-09-04 15:17:11	Skylar	0	We are not sure why we haven’t gotten the trans to go into reverse yet	
2738	2025-09-04 15:18:08	Skylar	0	Engine leaking from rear seal	
4829	2025-09-04 16:06:08	Skylar	2		
908	2025-09-04 16:30:55	Farrell	0	🔍 Common Causes of No Reverse in a C6 Transmission

1. Direct Clutch Pack Failure
- Reverse relies on the direct clutch (also used for 3rd gear).
- If reverse and 3rd are both missing, this is your prime suspect.
- Symptoms: Reverse feels like neutral, or slight lurching with throttle but no engagement.

2. Low-Reverse Band or Servo Malfunction
- The low-reverse band must engage properly.
- A stuck or misadjusted servo can prevent band application.
- Solution: Check servo piston and linkage; air-check band engagement if possible.

3. Valve Body Issues
- A misaligned or dirty valve body can block fluid flow to reverse circuits.
- Solution: Drop the pan, inspect valve body gaskets, passages, and torque specs.

4. Improper Assembly or Worn Seals
- If the rebuild wasn’t meticulous, seals on the direct drum may be leaking.
- Solution: Air-check the direct drum to confirm clutch engagement. If it leaks, it’s teardown time.

5. Incorrect Fluid Level
- Too much fluid can cause aeration; too little causes pressure loss.
- Check: With engine running, trans in park, fluid should be at the full mark. Use Type F fluid only.	
2460	2025-09-04 16:31:01	Skylar	0	Easiest way to explain is that it seems like there’s a piece of metal stuck in neutral that causes neutral to feel like park.	
4206	2025-09-04 16:31:58	Farrell	0	Unfortunately probably need to drop the pan . It sat for 1.5 years minimum.	
3559	2025-09-04 16:31:59	Skylar	0	We have no proper neutral. No proper reverse.	
2596	2025-09-04 16:32:23	Farrell	0	Sounds like fluid levels or off or because ot sat time valve bodies are sticking	
3272	2025-09-04 16:32:27	Skylar	0	Yeah we are gonna drop the pan and pull the valve body  and pray	
3501	2025-09-04 16:32:53	Farrell	0	Its most likely this.  I was warned before with a C4 that is it sat	
5078	2025-09-04 16:32:57	Skylar	0	We are not getting the mechanical feel of the shifting	
927	2025-09-04 16:33:38	Skylar	0	I mean the mechanical movement of the linkage, not the shift points of the trans	
1816	2025-09-04 16:33:41	Farrell	0	Also when my guys installed it maybe they were not sensitive enough it has to be perfect at the mount button	
2561	2025-09-04 16:34:43	Farrell	0	I can hear the yoke still touching or was that the tranny	
3468	2025-09-04 16:34:58	Skylar	0	Yoke clears for now	
4229	2025-09-04 16:35:22	Farrell	0	Is it possible that when they installed the tranny they damaged the rear main seal ?	
4674	2025-09-04 16:35:59	Farrell	0	Diagnostic Checklist

| Test/Check | What to Look For | Tools Needed |
|------------|------------------|--------------|
| Fluid Level | Type F, correct level | Dipstick |
| Reverse Engagement | Lurching, stalling, or neutral feel | Visual + throttle test |
| 3rd Gear Function | If missing, direct clutch is suspect | Road test |
| Servo Operation | Band engagement | Air-check or manual inspection |
| Valve Body | Clean, aligned, torqued | Torque wrench, gasket set |
| Transmission Pressure | Low pressure = internal leak | Pressure gauge |

---

🛠️ Suggested Next Steps

1. Road Test: Confirm if 3rd gear is also missing.
2. Drop the Pan: Inspect fluid, valve body, and servo.
3. Air Check Drums: Especially direct clutch and low-reverse band.
4. Review Rebuild Specs: Was the direct drum rebuilt with new seals and clutches?
5. Consider Pulling the Trans: If internal failure is confirmed, it may need rework.

---	
843	2025-09-04 16:36:57	Skylar	0	I would be more concerned that the oil pan is that type of pan that leaks, and a poor quality rear seal without the proper use of rtv and not torqued correctly.	
1617	2025-09-04 16:41:04	Farrell	0	Yes or nicked when they installed it they did not install the torque converter properly.	
2479	2025-09-04 16:41:15	Farrell	0	Its all possible with the last crew	
3191	2025-09-04 16:41:19	Farrell	0	Fuuuuck	
4189	2025-09-04 16:42:27	Farrell	0	I say at this point best to drop the transmission.  I dont see any other option to check and can change the rear main seal at that time.  Salvage all the fluid in a new 5 gal bucket with a paint screen	
4833	2025-09-04 16:43:08	Skylar	0	Yeah they slapped it together so it could get shipped out I get it. The linkage is our big concern it just feels disgusting lol the think I was filming with all the levers and the ball neutral safety switch. 

That’s what I’ll be sending you pix of tomorrow. A valve body 😂	
950	2025-09-04 16:43:41	Farrell	0	I definitely had the transmission built at a good shop I know the guy well. Can even call him anytime for opinion	
1705	2025-09-04 16:44:07	Skylar	0	That would be great I’d love to chat with him or at least we can forward the videos	
2580	2025-09-04 16:44:10	Farrell	0	I purchased the new torque converted thru him as well so you can rest assure on that.	
3365	2025-09-04 16:44:22	Farrell	0	The install and the time it sat or the issues	
4418	2025-09-04 16:44:36	Skylar	0	We plugged in the vacuum solenoid on the rear of the transmission too	
4240	2025-09-04 16:45:25	Farrell	0	[Name] Mark Brookings  Shortys Transmission Little Rock
[Mobile] (501) 400-5675
[Home] 6521 Lancaster Rd


Little Rock , Ar  72209	
2160	2025-09-04 16:45:33	Skylar	0	In other news the engine sounds smooth with the exhausts on we did straight dual exhaust no cross over.	
4989	2025-09-04 16:45:55	Farrell	0	We can call him together tomorrow morning  as soon as your ready. He is a central time early morning guy	
4794	2025-09-04 16:46:09	Skylar	0	Ok yeah that works	
2468	2025-09-04 16:46:11	Farrell	0	Saweet	
2723	2025-09-04 16:46:41	Farrell	0	So you like the mufflers sound. Its cool and hollowy	
1523	2025-09-04 16:46:49	Skylar	0	But the engine runs a little hot so we need to consider changing a thermostat or hope we can tune it so it will run cooler	
1893	2025-09-04 16:46:57	Skylar	0	Yeah the mufflers are great.	
3623	2025-09-04 16:47:09	Farrell	0	Is there a shroud ?	
3057	2025-09-04 16:47:29	Farrell	0	It is august it may cool woth alittle movement	
3444	2025-09-04 16:47:38	Farrell	0	Was their air on the system ?	
4569	2025-09-04 16:47:42	Skylar	0	The electric fan has a shroud	
3357	2025-09-04 16:47:59	Skylar	1		
3070	2025-09-04 16:48:12	Farrell	0	Oh year I forgot	
4242	2025-09-04 16:48:39	Skylar	0	We swapped the temp sensor so now the readings match	
3933	2025-09-04 16:48:49	Farrell	0	Do I have a second horizontal round trans cooler underneath as well I usually put two of them	
1149	2025-09-04 16:48:58	Farrell	0	Nice	
660	2025-09-04 16:49:03	Skylar	0	No I didn’t see anything like that	
2189	2025-09-04 16:50:30	Skylar	1		
3662	2025-09-04 16:50:55	Skylar	0	We will find out when we start tuning it if you’re not sure	
2753	2025-09-04 16:52:18	Farrell	1		
2437	2025-09-04 16:52:19	Farrell	1		
3441	2025-09-04 16:52:50	Farrell	0	I usually have one of these on the front crossmember under the radiator just in front of the block	
3615	2025-09-04 16:52:50	Skylar	0	I mean the trans fluid goes in to the radiator	
570	2025-09-04 16:52:57	Farrell	0	Can't remember	
1479	2025-09-04 16:54:56	Farrell	0	Distributor Vacuum Control Valve (DVCV) or part of a thermal vacuum switch. These were common on late-'60s to early-'70s Ford engines and were designed to reroute vacuum based on coolant temperature—essentially advancing timing when the engine gets hot to increase idle speed and cooling efficiency.	
2207	2025-09-04 16:55:05	Farrell	0	Actually may be whats causing the temp issue	
3093	2025-09-04 16:55:31	Farrell	0	- Yes, run a vacuum line from the carburetor’s ported vacuum to the valve, then from the valve to the distributor vacuum advance.
- This setup mimics original emissions and cooling behavior.

🔧 If You Want Simplicity and Performance:
- Skip the valve and run direct vacuum from the carb’s timed/ported vacuum port (usually on the passenger side of the carb base) straight to the distributor.
- This gives smoother idle and better throttle response, especially with a performance cam or aftermarket ignition.	
3964	2025-09-04 16:55:39	Skylar	0	Yeah that’s what I was considering but usually with efi it gets blocked off	
5012	2025-09-04 16:56:44	Skylar	0	Because the computer will advance the timing which renders the vacuum obsolete	
885	2025-09-04 16:57:03	Skylar	0	But I was gonna read up on it to confirm	
1910	2025-09-04 16:57:11	Farrell	0	Call holley tech they should be able to confirm	
1256	2025-09-04 16:57:16	Skylar	0	Yep	
756	2025-09-04 16:57:30	Farrell	0	They will have a quick solution dealing with these issues daily	
1559	2025-09-04 16:58:21	Farrell	0	Back the the tranny and rear seal. Its a brand new motor from Summit tested so must of happened on the install . And tranny as well or with the sit time	
1275	2025-09-04 16:58:49	Skylar	0	Shocks are still not resolve we haven’t tried mounting what we have yet by relocating brackets or longer bolts. 
Front is too short though. I think we got them from summit. 

The intake bolts were loose on the engine	
3220	2025-09-04 16:59:13	Farrell	0	No we got them from wild horses	
2932	2025-09-04 16:59:17	Skylar	0	The oil pan I think is kind of shit	
3234	2025-09-04 16:59:40	Farrell	0	We can order a different one from Summit its a basic one forsure	
4764	2025-09-04 16:59:46	Skylar	0	Even the oil  exit hole leaks hah	
4228	2025-09-04 17:00:15	Farrell	0	Yes is should if had us order shocks from Summit because it get free return shipping . Wild horses will be different	
1847	2025-09-04 17:00:15	Skylar	0	I feel like I’ve seen a lot of chrome engine pieces leak in my years I’m not trying to be biased	
4840	2025-09-04 17:00:37	Farrell	0	We can call them tomorrow as well they have good tech support as well	
2443	2025-09-04 17:00:42	Farrell	0	Yes	
1009	2025-09-04 17:01:47	Farrell	0	Sp first thing. Your rise we call tranny then we can call wildhorses.  But forsure just need to but longer grade 8 shock mounts for rear and mount to inside of pirch direct to bolt	
4615	2025-09-04 17:04:27	Farrell	0	We should of confirmed on the expanded and compressed shock size. Its never stock height	
4632	2025-09-04 17:04:52	Farrell	0	So the rear or right size just th fronts are short ?	
681	2025-09-04 17:05:48	Farrell	0	On to the green truck.have you had someone Geoffs kid come clean the stitching good as new ?	
1401	2025-09-04 17:07:00	Skylar	0	We will give it a try tomorrow before we bring him in. I was hoping to get the carpet in tonight or tomorrow. I have all the supplies we need to give it our best shot	
4147	2025-09-04 17:08:27	Skylar	0	I will measure out the shocks to confirm I want to say the rears will fit once we change the angle let’s hope	
887	2025-09-04 17:18:10	Farrell	0	I am pretty sure they are stock height and we need to go up a tick /inch	
4405	2025-09-04 17:26:37	Farrell	0	So justin never got you the carpet kit or center console or speakers and face plate ?	
3553	2025-09-04 17:26:52	Skylar	0	We got those parts	
3298	2025-09-04 17:26:58	Farrell	0	Ok cool	
4787	2025-09-04 17:32:53	Farrell	0	What time ( your time can I call you so we can call Mark the tranny guy	
2351	2025-09-05 08:56:18	Skylar	2		
2906	2025-09-05 09:18:03	Farrell	0	Holyfuck	
585	2025-09-05 09:18:32	Farrell	0	Is this Sabatoge? Does it look like it was rebuilt or hard to tell ?	
2007	2025-09-05 09:19:04	Farrell	0	Can it simply be cleaned or will it need complete rebuilding thats crazy	
2677	2025-09-05 09:24:31	Skylar	1		
3565	2025-09-05 10:02:21	Farrell	0	called we must have this tranny 

straight AOD 4x2 tranny non computer required $300 please contact and pick up as soon as possible shared this text with both Justin and Slylar 


[Name] Everette AOD Transmission AZ
[Mobile] +1 928-715-3617
[Home] 3774 martingale Dr, Kingman Az 86409	
4332	2025-09-05 10:04:36	Farrell	0	For the record AOD over drive is a far better tranny and better for resales value	
5180	2025-09-05 10:05:17	Farrell	0	Truck will reach highway speeds easy. Justin confirmed we have the advanced adapter. Thats a $1000 saving for me to use money i already spent. Woop hooo	
1062	2025-09-05 10:06:51	Farrell	0	Just need to pressure  wash , puck on engine cherry picker, rattle can  prime,  and paint  ill order new oil pan and gasket  for it	
1916	2025-09-05 10:12:08	Farrell	0	Fyi that tranny is worth $300 it just for a core	
2625	2025-09-05 10:17:48	Farrell	0	From the metal to linkage issues. That C6 is too much of a risk to waste money on it. Let's pull it soon as we confirm pick up on the AOD	
3626	2025-09-05 10:18:03	Farrell	0	I would work around it and work on rear main seal or something else	
4394	2025-09-05 11:34:21	Skylar	0	We drove the vehicle went through the gears   Will send you a video	
416	2025-09-05 11:39:45	Farrell	0	Ok so everything is fixed ?	
5099	2025-09-05 11:39:51	Farrell	0	Reverse works ?	
1400	2025-09-05 11:40:01	Farrell	0	Wow awesome	
2938	2025-09-05 11:40:07	Skylar	0	Reverse works	
3840	2025-09-05 11:40:21	Farrell	0	So just metal clogged. Thats great news	
4573	2025-09-05 11:40:59	Farrell	0	I did mentioned we should check all fluids. For meta. I have always been paranoid dealing with my old guys.	
556	2025-09-05 11:41:28	Skylar	0	Yeah the metal clogged and the inside linkage was jammed	
1414	2025-09-05 11:45:12	Farrell	0	Thats fantastic.  I still say to Justin to grab that AOD its an easy swap from future manual flippers.  Specially since we have the advanced  adapter already	
2118	2025-09-05 11:45:40	Farrell	0	So we must still get it.  Manuals are very hard to sell and usually go for less money	
3072	2025-09-05 11:53:14	Skylar	0	I think it’s good to get	
2890	2025-09-05 11:57:03	Farrell	0	Yes 💯	
4036	2025-09-05 11:57:35	Farrell	0	We dodged a bullet with this one	
1054	2025-09-05 13:10:44	Skylar	1		
2841	2025-09-05 13:10:49	Skylar	1		
5096	2025-09-05 13:10:57	Skylar	1		
4915	2025-09-05 13:12:41	Skylar	0	The situation with the shocks. What the heck did they send us. Two wrong ones and the other two don’t match. The shortest one could have worked for the front but it’s 1-2 too short. The long one could work for the rear so we will relocate the bracket or do the long bolt. But we definitely need to exchange the ones in the boxes they are totally wrong	
1517	2025-09-05 13:13:37	Skylar	1		
4772	2025-09-05 14:35:35	Skylar	2		
2597	2025-09-05 14:53:12	Farrell	0	Awesome	
1779	2025-09-05 14:54:36	Farrell	0	Is this for all four ? Anyways these type of buyers dont accept or can handle leaking fluids in their nice garages or driveways . So unfortunately have to replace seals. This is not the first time I pay to have things redone two and three times . Ugggg	
5122	2025-09-05 14:55:08	Farrell	0	Ford 9 on the rear end and Dana 44 for font axle	
630	2025-09-05 14:55:09	Skylar	0	Haha well these were never done	
2578	2025-09-05 14:55:29	Farrell	0	Hahaha thats hilarious I was billed for them 🤣	
4014	2025-09-05 14:55:47	Skylar	0	You may have paid but the only thing these axles got were a couple cans of black spray paint	
2452	2025-09-05 14:56:24	Farrell	0	Then wll need to confirm the bearings are good as well because I always replace the bearings and the Gaskets..I am alittle shocked they did not do it already	
5190	2025-09-05 14:57:01	Farrell	0	Unfortunately I was in Fort Lauderdale the whole time while the build was going on in hot springs Arkansas.  So could only see thru my camera system	
2884	2025-09-05 14:57:11	Farrell	0	Fuckers	
3149	2025-09-05 14:57:48	Farrell	0	Can tell you how much headachs and torture ive been thru. So thats in the past.  Can't make new money worrying about old money right	
3924	2025-09-05 17:16:58	Farrell	66		
3624	2025-09-05 17:16:58	Farrell	1		
1257	2025-09-05 17:16:58	Farrell	1		
4201	2025-09-05 17:16:59	Farrell	1		
4065	2025-09-05 17:16:59	Farrell	1		
1219	2025-09-05 17:16:59	Farrell	1		
2428	2025-09-05 17:16:59	Farrell	1		
2130	2025-09-05 17:17:00	Farrell	1		
790	2025-09-05 17:17:01	Farrell	1		
5169	2025-09-05 17:17:01	Farrell	1		
2414	2025-09-05 17:17:01	Farrell	1		
1753	2025-09-05 17:17:57	Farrell	66		
1273	2025-09-05 17:17:57	Farrell	1		
1900	2025-09-05 17:17:57	Farrell	1		
780	2025-09-05 17:17:58	Farrell	1		
726	2025-09-05 17:18:21	Farrell	1		
2164	2025-09-05 17:18:21	Farrell	1		
3548	2025-09-05 17:18:21	Farrell	1		
3284	2025-09-05 17:18:38	Farrell	66		
2488	2025-09-05 17:18:38	Farrell	1		
4815	2025-09-05 17:18:39	Farrell	1		
4460	2025-09-05 17:18:49	Farrell	1		
2047	2025-09-05 17:18:50	Farrell	1		
4689	2025-09-05 17:22:40	Skylar	0	I’ve worked on those before	
869	2025-09-05 17:29:35	Farrell	0	Cool but a hard sale	
1686	2025-09-05 17:29:47	Farrell	0	Best to focus on broncos	
2613	2025-09-05 19:09:39	Skylar	2		
2423	2025-09-05 19:26:35	Farrell	0	Thats two amazing looking Broncos , envy to most builders.  Competed photo shoot gonna be sick	
3790	2025-09-05 19:26:56	Farrell	0	When done amazing built and daily drivers.	
4795	2025-09-05 19:27:59	Skylar	0	Yeah wanted to show a behind the scenes. I wish my shop was a bit more organized, cleaned and styled up a bit show buyers we are really dedicated to the craft	
2633	2025-09-05 19:28:32	Skylar	2		
4233	2025-09-05 19:28:34	Farrell	0	Im thinking the coils in front might not be tall enough.  Tomorrow will need their height. As well as the compressed and expanded / resting measurements for wild horses shocks to swap	
2865	2025-09-05 19:28:42	Skylar	2		
3173	2025-09-05 19:28:56	Farrell	0	Please put paper down for driver carpets	
4625	2025-09-05 19:29:03	Skylar	0	The front is low	
2761	2025-09-05 19:29:18	Farrell	0	Yes i noticed	
3769	2025-09-05 19:29:38	Farrell	0	I habe some other coils at Justin's in think we need two inch taller	
4458	2025-09-05 19:29:41	Skylar	2		
5016	2025-09-05 19:29:50	Farrell	0	To solve then we get right measurment for shocks	
888	2025-09-05 19:31:45	Skylar	0	Could it be the front  leaf springs being a bit saggy more than the coil?	
1761	2025-09-05 19:32:17	Farrell	0	No its possible the front coils are stock height and need to be longer ones	
2513	2025-09-05 19:32:24	Farrell	0	It will eliminate the tire rub as well	
3453	2025-09-05 19:32:37	Farrell	0	Just need height measurements and ill solve	
3283	2025-09-05 19:32:38	Skylar	0	The rub is bad	
4384	2025-09-05 19:32:55	Farrell	0	If we get two in higher it will solve	
5176	2025-09-05 19:33:16	Farrell	0	They may be stock hight and I have longer set at Justin's or we order	
4993	2025-09-05 19:33:23	Farrell	0	Problem solved	
1035	2025-09-05 19:34:18	Skylar	0	Good much needed. I have a list of small parts order to get. The plug ends for the dash controls. I’ll send over to you so we can maybe get a last order	
2927	2025-09-05 19:35:22	Farrell	0	Perfect Ill order with the bumpers	
4602	2025-09-05 19:43:16	Farrell	0	Lets see if you can get to.measure those front coils and see if we have longer set with justin. I left like two new sets with him . If not we order the next longer set	
2983	2025-09-06 15:47:31	Skylar	7	https://www.instagram.com/vegasautofest?igsh=b2xxZGJ3bzFhZWN1	
2800	2025-09-06 16:44:58	Farrell	0	Very nice . Would need to flat bed the truck there	
3938	2025-09-06 16:45:06	Farrell	0	Green one could be ready	
4918	2025-09-06 16:45:12	Skylar	0	I think so	
878	2025-09-06 16:45:26	Skylar	0	I contacted them to see if there’s a spot. Never know	
1596	2025-09-06 16:45:49	Farrell	0	Id just flat bed it any go there anyways in the client parking	
2116	2025-09-06 16:45:56	Farrell	0	Pop the hood and open the doors	
2715	2025-09-06 16:46:32	Farrell	0	There should be a spot i would imagine	
3317	2025-09-06 16:46:58	Farrell	0	Good idea to take it	
4881	2025-09-06 16:47:25	Farrell	0	Or hell if Justin's trailer is a two car fuck it take them both	
4406	2025-09-06 16:47:31	Farrell	0	Will be show stopper	
1907	2025-09-06 16:47:49	Skylar	0	Exactly	
4667	2025-09-08 08:29:50	Farrell	0	Good morning,  please confirm if you can and should be able to get stitching cleaned new like on white diamond stitched interior	
149	2025-09-08 08:31:08	Farrell	0	If not hopefully yes. I have instructed Justin to give yoh the other white set.  Note : the door panels top material is fragile need to fit press window knob. Then razor blade small X cut then push thru.   When time comes you will know what I mean	
323	2025-09-08 08:31:51	Farrell	0	Again I am sure a special cleaner can get dirt off stitching to return to new like	
109	2025-09-08 08:33:10	Farrell	0	Please get me small parts list together so o can include with bumper order.  Did tou find loop for glove box ? Knobs  for Knobs and rod headlight and wipers ? There are several in miscellaneous box. The loop and backing plate for glove box  is there in an envelope . At Justin's.	
292	2025-09-08 08:33:48	Farrell	0	Any further interest on your st Bart buyer as progressed	
260	2025-09-08 08:35:14	Farrell	0	Also if taking September 13th two trucks to show. I do have those satin black factory set of bumpers new in box to  use for show. Finally need shock extended and collapsed measurements along with the front coils measured to solve front dip issue along with front rubbing 🙏👍👊🤝	
114	2025-09-08 13:59:05	Farrell	0	Hi Skylar hope your  doing good  any updates on those text this morning	
213	2025-09-08 14:03:16	Skylar	0	Yes been busy!! Ok I need to send you the list of things	
151	2025-09-08 14:04:01	Skylar	0	We need to check the c bushings are they correct for the 2 1/2 inch lift. Instead of swapping the spring. That’s what justin was saying this morning	
280	2025-09-08 14:05:26	Farrell	0	The bushings are fine I simply need the coil measurements ( height to confirm their size )  he said i have a new 2.5 inch lifted set in box	
11	2025-09-08 14:06:17	Farrell	0	Simple. If those on the truck are standard we will know right away. .  C radius arm bushings are something different and a nightmare to change	
198	2025-09-08 14:07:00	Farrell	0	Please get me the height of coils so I can confirm.	
48	2025-09-08 14:08:09	Farrell	0	Also refer to previous text with glove box loop and backing plate I had in envelope on miscellaneous boxes if not ill habe to order another one. With the cable to prevent opening all the way only standard 90' degree .  Need to get you the bumpers asap	
315	2025-09-08 14:08:15	Farrell	0	If we gojng to sept 13	
244	2025-09-08 14:14:39	Skylar	0	We have the cable	
285	2025-09-08 14:14:56	Farrell	0	Nice	
380	2025-09-08 14:15:15	Farrell	0	Lets confirm the coils when you have a chance	
5895	2025-09-08 14:15:42	Farrell	0	Justin said the coils he has New in box say 2.5 lift	
5897	2025-09-08 14:17:20	Skylar	1		Media/13057485135@s.whatsapp.net/e/6/e604b02d-17a9-4735-8394-553103d13b4b.jpg
5900	2025-09-08 14:17:27	Skylar	1		Media/13057485135@s.whatsapp.net/7/2/729c4440-3300-4e4f-b1d7-3a99346b5620.jpg
5898	2025-09-08 14:19:57	Skylar	1		Media/13057485135@s.whatsapp.net/f/c/fccd3bfb-c745-4c6c-a326-0073879a7309.jpg
5901	2025-09-08 14:20:33	Skylar	1		Media/13057485135@s.whatsapp.net/8/a/8a9a214d-87e8-457b-9812-44c26ec7d04b.jpg
5896	2025-09-08 14:26:19	Farrell	0	Hard to from pics 

Installed measurements  are slightly different from Uninstalled.  Uninstalled 2.5 coils. Top of front axle to bottom of frame stock height is close to 7 inches . Lifted would be 9.5 = 2.5 inch lift  to 10.5 = 3.5  inch lift 

Stock would of been 16 inch 

2.5 inch would be 19.5 lift progressive, tight coils at top. More gapped and evenly spread at bottom 

Linear rate coil gapped evenly throughout the entire coil spring	
5902	2025-09-08 14:27:44	Skylar	1		Media/13057485135@s.whatsapp.net/6/d/6d468ebc-af34-4cc1-ac2d-c6e1ba76aca6.jpg
5903	2025-09-08 14:27:48	Skylar	1		Media/13057485135@s.whatsapp.net/d/5/d502d9be-ecb3-4300-85c7-a8ab14a2b9ea.jpg
5899	2025-09-08 14:27:57	Skylar	0	No weight hanging	
5904	2025-09-08 14:28:54	Farrell	59		
5905	2025-09-08 14:35:13	Farrell	1		Media/13057485135@s.whatsapp.net/9/a/9a910983-300a-4ee4-8e36-89e06d600f2b.jpg
5906	2025-09-08 14:35:14	Farrell	1		Media/13057485135@s.whatsapp.net/5/c/5c43e65e-18f0-47e3-b200-0b9efe38d873.jpg
5907	2025-09-08 14:35:19	Farrell	0	Is this for the brake lines?	
5931	2025-09-08 14:42:03	Farrell	66		
5932	2025-09-08 14:42:03	Farrell	1		Media/13057485135@s.whatsapp.net/8/b/8b5f43ba-b121-4acd-8e11-429b5158600d.jpg
5933	2025-09-08 14:42:03	Farrell	1		Media/13057485135@s.whatsapp.net/b/8/b887f93d-8f24-41f8-a003-2b94fba65b85.jpg
5934	2025-09-08 14:42:17	Farrell	0	According to this they are stock height. Very easy fix . Awesome	
5935	2025-09-08 14:42:46	Farrell	0	Just need to confirm at Justin's.  I have two sets there one new in box and a pair loose	
5937	2025-09-08 14:42:50	Farrell	0	Or I buy	
5938	2025-09-08 14:43:10	Farrell	0	These are great set but stock height	
5971	2025-09-08 18:04:16	Skylar	7	https://tickets.thefoat.com/VegasAutoFest/event-247132/clear_cart-1	
5982	2025-09-09 08:03:04	Skylar	1		Media/13057485135@s.whatsapp.net/7/d/7d66ccdb-e820-4c1a-a68e-567e8cbd28eb.jpg
5983	2025-09-09 08:03:08	Skylar	1		Media/13057485135@s.whatsapp.net/b/1/b10ab130-76bb-463d-ac71-6b210500ad9e.jpg
5984	2025-09-09 08:03:48	Skylar	1		Media/13057485135@s.whatsapp.net/5/a/5a91e109-c5d7-413d-b142-88b4543c22b8.jpg
5985	2025-09-09 08:04:18	Skylar	7	https://tomsoffroad.com/products/66-77-ford-bronco-headlight-switch-wiring-plug?gad_source=1&gad_campaignid=21666197979&gbraid=0AAAAAD_AaIl0dnTj55PhmuM7P0Do-sp-2	
5986	2025-09-09 08:04:50	Skylar	7	https://www.cjponyparts.com/acp-radiator-bracket-w-insulators-black-set-bronco/p/RADB20K/?gad_source=1&gad_campaignid=17339246521&gbraid=0AAAAAD1v5VlWzwVO6QK2eRriUY1FWjRWV	
5995	2025-09-09 08:11:45	Skylar	66		
5987	2025-09-09 08:11:46	Skylar	1		Media/13057485135@s.whatsapp.net/d/6/d63ece94-2a2b-41cb-add5-15a462b01168.jpg
5988	2025-09-09 08:11:46	Skylar	1		Media/13057485135@s.whatsapp.net/7/e/7e4d03e4-013e-42c6-8e10-b73fec417bef.jpg
5989	2025-09-09 08:11:46	Skylar	1		Media/13057485135@s.whatsapp.net/8/8/88de8bdc-f08f-4554-b1de-dc7ea65709de.jpg
5992	2025-09-09 08:11:46	Skylar	1		Media/13057485135@s.whatsapp.net/7/6/767fabe5-38ec-40ec-8239-e084b6a52fe0.jpg
5993	2025-09-09 08:11:46	Skylar	1		Media/13057485135@s.whatsapp.net/6/3/63e69b4e-49f4-4ae8-a185-186b23912904.jpg
5991	2025-09-09 08:11:47	Skylar	1		Media/13057485135@s.whatsapp.net/8/5/85a4f355-fcab-4eaf-94ef-098c45887bca.jpg
5990	2025-09-09 08:11:47	Skylar	1		Media/13057485135@s.whatsapp.net/5/f/5f308a28-4e8c-4f0f-a352-b577140e1b8f.jpg
5994	2025-09-09 08:11:47	Skylar	1		Media/13057485135@s.whatsapp.net/5/8/5861e909-6d5c-4452-91b2-83fdfac66c0f.jpg
5996	2025-09-09 08:22:08	Skylar	0	We need the electric connectors listed above
We need the the rad brackets from cj 
This are easy straightforward to order
We need to install the new springs today and re measure the fronts to get the correct hanging length. 
We need to get the correct shocks	
5997	2025-09-09 08:40:01	Farrell	0	Yes we need to re measure after new springs are installed	
5999	2025-09-09 08:40:36	Farrell	0	I can order all these parts but you said you have a cj pony close by so is it best to walk in ?	
6001	2025-09-09 08:41:13	Farrell	0	Walk into the store and buy you can text when close and I can give a credit card. Or I can order from wildhorses with the bumper	
6002	2025-09-09 08:41:24	Farrell	0	Won't receive until end of week	
6003	2025-09-09 08:46:55	Skylar	0	best to select to ship from CJ it will arrive the same time as the other parts and it doesnt effect the build. its held in with zip ties til we get those.
they allow for will call on prepaid so like internet orders. all i do is call and tell them to put it to the side. but i dont have time to drive over there this week, prefer to stay on task at the shop, lock down mode.	
6004	2025-09-09 08:47:33	Skylar	0	justin will be here soon dropping off the springs, will get installed asap, remeasure and be able to order.	
6005	2025-09-09 08:48:15	Farrell	0	Ok ill order from wildhorses it will ship out today	
6006	2025-09-09 08:48:32	Farrell	0	Also can you confirm you have the loop and backing plate for the glove box to dash	
6008	2025-09-09 08:48:58	Farrell	1		Media/13057485135@s.whatsapp.net/7/7/7777c716-e6a0-4ea2-a902-80e5b4db4630.jpg
6009	2025-09-09 08:48:59	Farrell	1		Media/13057485135@s.whatsapp.net/f/f/ff4128ef-0132-4f95-8b8f-02398a2c3650.jpg
6010	2025-09-09 08:51:25	Farrell	0	Do you have this?	
6011	2025-09-09 08:51:45	Skylar	0	ill go double check	
6012	2025-09-09 08:52:56	Farrell	0	Ok thanks	
6013	2025-09-09 08:53:26	Farrell	0	Ill be ordering with in two hours California time	
6014	2025-09-09 08:56:45	Skylar	0	perfect	
6015	2025-09-09 09:01:21	Farrell	0	Im going to secure that green bronco in colombia as well. Infigre we can take a by product buyer from the green coyote that does not want to pony up the big money to offer it	
6016	2025-09-09 09:02:05	Farrell	0	Let me know if you able to get those stitching white again it should come out with a good degreaser and steam suction unit	
6017	2025-09-09 09:02:42	Farrell	0	It's the only truck possible that will be ready for the sept 13th show	
6019	2025-09-09 09:04:30	Farrell	66		
6018	2025-09-09 09:04:31	Farrell	1		Media/13057485135@s.whatsapp.net/1/9/1928d89d-dcb1-4d1c-973e-0cebf86975f0.jpg
6020	2025-09-09 09:04:31	Farrell	1		Media/13057485135@s.whatsapp.net/5/c/5c7dae1c-ba25-491a-83f9-f343ab70f196.jpg
6021	2025-09-09 09:04:59	Farrell	0	I was considering painting bumpers to match the body paint in the past maybe we should consider this instead of satin black	
6023	2025-09-09 09:37:28	Skylar	0	geting springs installed	
6024	2025-09-09 09:53:41	Farrell	0	Saweet sorry did not hear the phone	
6025	2025-09-09 09:56:44	Skylar	0	butt dial no worries. ill have updates asap with springs are installed.	
6026	2025-09-09 09:57:22	Farrell	0	We're they 19.5 inch resting	
6027	2025-09-09 10:08:37	Farrell	0	Any luck on the glove box loop	
6028	2025-09-09 10:08:42	Farrell	0	Ordering now	
6029	2025-09-09 11:08:54	Farrell	0	Everything ordered should arrive 48 hours	
6030	2025-09-09 11:09:05	Farrell	0	Im thinking painting the bumpers Wimbledon white	
6039	2025-09-09 11:32:39	Skylar	66		
6031	2025-09-09 11:32:41	Skylar	1		Media/13057485135@s.whatsapp.net/3/7/379d1b5e-51c6-4818-916a-041d06498b00.jpg
6034	2025-09-09 11:32:41	Skylar	1		Media/13057485135@s.whatsapp.net/2/4/246a3d16-3953-4378-9c43-e34c1d3a2cea.jpg
6035	2025-09-09 11:32:41	Skylar	1		Media/13057485135@s.whatsapp.net/8/1/8173f73c-5ee1-4805-9a30-30079c806a61.jpg
6032	2025-09-09 11:32:42	Skylar	1		Media/13057485135@s.whatsapp.net/1/2/12af6e5b-554c-4f74-8b95-c0cac3d1fe1a.jpg
6033	2025-09-09 11:32:42	Skylar	1		Media/13057485135@s.whatsapp.net/5/d/5d5cd9de-18d8-4c4e-96b7-48be024c6571.jpg
6038	2025-09-09 11:32:42	Skylar	1		Media/13057485135@s.whatsapp.net/f/b/fba35cfe-18fb-41ea-bfdd-281bb051c564.jpg
6036	2025-09-09 11:32:46	Skylar	0	Night and day	
6037	2025-09-09 11:37:34	Farrell	0	Jajajaj yea sir leveled up as well as got rid kf the tire rub	
6055	2025-09-09 12:04:56	Farrell	66		
6046	2025-09-09 12:05:00	Farrell	1		Media/13057485135@s.whatsapp.net/a/2/a24c4a13-6211-43e1-9a8f-fa106d2346e3.jpg
6052	2025-09-09 12:05:01	Farrell	1		Media/13057485135@s.whatsapp.net/6/f/6f1cbd68-3173-4d19-83e1-d3a303393538.jpg
6047	2025-09-09 12:05:03	Farrell	1		Media/13057485135@s.whatsapp.net/c/c/cc507623-2ce6-45bb-8ff6-997be9ead93d.jpg
6045	2025-09-09 12:05:04	Farrell	1		Media/13057485135@s.whatsapp.net/6/a/6a88dc57-c276-4799-b385-e327101f31e5.jpg
6040	2025-09-09 12:05:06	Farrell	1		Media/13057485135@s.whatsapp.net/0/8/0848249d-9265-4841-9007-dd5921169857.jpg
6042	2025-09-09 12:05:07	Farrell	1		Media/13057485135@s.whatsapp.net/1/f/1facb327-6c7e-477c-8dfe-52fc3b9b1e3a.jpg
6050	2025-09-09 12:05:07	Farrell	1		Media/13057485135@s.whatsapp.net/8/f/8f02b3b8-a2c9-43d5-8457-3d09425fffd0.jpg
6049	2025-09-09 12:05:08	Farrell	1		Media/13057485135@s.whatsapp.net/4/9/4918dec1-6e4a-46ec-8e6e-cb24f6878c06.jpg
6054	2025-09-09 12:05:08	Farrell	1		Media/13057485135@s.whatsapp.net/7/7/77f60dd1-dd86-4031-afa7-0644febdbed9.jpg
6043	2025-09-09 12:05:09	Farrell	1		Media/13057485135@s.whatsapp.net/7/c/7cf58e90-a624-4ff0-991c-f32455492a02.jpg
6051	2025-09-09 12:05:10	Farrell	1		Media/13057485135@s.whatsapp.net/5/f/5f2d72c6-c64d-43ef-a579-04f5295e20f2.jpg
6041	2025-09-09 12:05:11	Farrell	1		Media/13057485135@s.whatsapp.net/7/2/7284987c-c9d3-415e-8776-982da927e1db.jpg
6044	2025-09-09 12:05:12	Farrell	1		Media/13057485135@s.whatsapp.net/0/e/0eef6a11-a766-4d72-8612-308f9a6c19c4.jpg
6056	2025-09-09 12:05:12	Farrell	1		Media/13057485135@s.whatsapp.net/1/8/1876bc6f-fb09-4279-b821-46e6feecdc77.jpg
6053	2025-09-09 12:05:13	Farrell	1		Media/13057485135@s.whatsapp.net/d/5/d540826c-83f8-4d3c-bd88-075329f70f66.jpg
6048	2025-09-09 12:05:13	Farrell	1		Media/13057485135@s.whatsapp.net/b/e/be29e713-0b19-4d1d-b6b0-695ca79044f8.jpg
6057	2025-09-09 12:52:22	Skylar	0	Ship it to st Barth pleaseeee	
6059	2025-09-09 12:52:33	Skylar	0	I’ll ship the seats	
6058	2025-09-09 12:53:21	Skylar	0	I’ve got a second room you could stay in to visit	
6063	2025-09-09 13:04:03	Farrell	0	Ill check with shipper from Cartagena to stay barts . I want to buy it the way it is so we finish it off	
6061	2025-09-09 13:04:47	Farrell	0	Im thinking add bolt on Fuel injection or is old school Carburetor good for St barts. And we install one of those white interior which ever one we dont use	
6062	2025-09-09 13:07:43	Skylar	0	I have full service ability in st barths. Anything is possible. It will be sold almost instantly once it’s there	
6064	2025-09-09 13:16:19	Farrell	0	I will work on shipping quote	
6065	2025-09-09 13:16:35	Farrell	0	So port of saint barts ?	
6066	2025-09-09 13:18:32	Skylar	0	Get a price on 
Sxm sint maarten any port
St barths gustavia	
6079	2025-09-09 14:32:17	Skylar	0	These guys go to st Barth. They have a hub in Miami I’ve been to 

https://www.tropical.com/	
6075	2025-09-09 14:32:48	Skylar	0	We use this for our magazines

Stanley Merine
Traffic Manager
Stanley@fourstarcargo.com
Four Star Cargo, Inc.
7640 NW 63rd Street
Miami, FL 33166
(305) 717 6208 Direct
(305) 717-6200 phone	
6080	2025-09-09 14:34:01	Skylar	0	Michael S. BRYAN
STB OPERATIONS
TEL : 590 590 27 66 08
Email : sbryan@tropical.com	
6073	2025-09-09 14:37:06	Skylar	0	Michael shipping some big stuff for us	
6150	2025-09-09 17:32:34	Skylar	2		Media/13057485135@s.whatsapp.net/7/c/7ce003e9-1819-4637-bfde-8a1bd093812e.mp4
6147	2025-09-09 17:32:37	Skylar	2		Media/13057485135@s.whatsapp.net/3/4/341eae29-2510-40a7-931c-d17348c4b4c8.mp4
6149	2025-09-09 17:32:42	Skylar	2		Media/13057485135@s.whatsapp.net/3/c/3c3dd26b-b37a-46bb-aff6-44aef43b7964.mp4
6148	2025-09-09 17:32:47	Skylar	2		Media/13057485135@s.whatsapp.net/2/b/2bc03795-b8b8-4251-b421-900445a95e10.mp4
6153	2025-09-09 19:03:59	Farrell	0	She is a sexy bronco	
6152	2025-09-09 19:04:56	Farrell	0	With white bumpers should look sick. I say white because looking at these pics imagining black bumpers	
6155	2025-09-09 19:40:07	Skylar	0	I want bumpers!!! And shocks!! 😂	
6156	2025-09-10 05:42:50	Farrell	0	Good morning can you resend the last 5 text messages regarding shipping to Saint marten and all . I did a phone swap and it did jot back to to this day .	
6165	2025-09-10 06:51:48	Skylar	0	We use this for our magazines

Stanley Merine
Traffic Manager
Stanley@fourstarcargo.com
Four Star Cargo, Inc.
7640 NW 63rd Street
Miami, FL 33166
(305) 717 6208 Direct
(305) 717-6200 phone	
6167	2025-09-10 06:52:00	Skylar	0	Michael S. BRYAN
STB OPERATIONS
TEL : 590 590 27 66 08
Email : sbryan@tropical.com	
6169	2025-09-10 06:52:19	Skylar	0	Michael shipping some big stuff for us	
6166	2025-09-10 06:52:38	Skylar	0	Get a price on 
Sxm sint maarten any port
St barths gustavia	
6172	2025-09-10 10:17:02	Farrell	0	Ok	
6203	2025-09-12 08:53:52	Skylar	0	What color on the bumpers? I was thinking satin black would look best	
6206	2025-09-12 08:54:13	Skylar	66		
6211	2025-09-12 08:54:14	Skylar	1		Media/13057485135@s.whatsapp.net/d/3/d3540a82-7f0f-495a-a133-38c67c0df18b.jpg
6197	2025-09-12 08:54:14	Skylar	1		Media/13057485135@s.whatsapp.net/a/f/af148978-803e-4dae-8e41-be1163905396.jpg
6195	2025-09-12 12:06:51	Farrell	59		
6209	2025-09-12 12:16:56	Skylar	1		Media/13057485135@s.whatsapp.net/9/b/9beae39f-ac6f-4ae7-b000-75022c83bf61.jpg
6210	2025-09-12 12:19:15	Skylar	1		Media/13057485135@s.whatsapp.net/e/1/e1e08dce-4bfd-4130-8284-4154135ce68d.jpg
6193	2025-09-12 12:19:41	Skylar	1		Media/13057485135@s.whatsapp.net/f/7/f754fd99-bccf-4214-b661-aeb55e79f3c2.jpg
6212	2025-09-12 12:20:09	Skylar	1		Media/13057485135@s.whatsapp.net/a/e/aee71ac1-84a0-49d4-8674-0cbff53084de.jpg
6201	2025-09-12 12:20:56	Skylar	1		Media/13057485135@s.whatsapp.net/1/e/1e085592-abe7-4286-9f30-daec7a595103.jpg
6194	2025-09-12 12:22:13	Skylar	1		Media/13057485135@s.whatsapp.net/e/1/e126835f-f312-4127-9a31-8077ccbf1166.jpg
6202	2025-09-12 12:26:06	Skylar	1		Media/13057485135@s.whatsapp.net/2/1/2155d312-8866-4b28-b26d-dc5717d5c438.jpg
6220	2025-09-12 12:26:13	Skylar	1		Media/13057485135@s.whatsapp.net/b/1/b1468557-91a3-455a-87a9-a5c453ee09e1.jpg
6205	2025-09-12 12:29:33	Farrell	66		
6198	2025-09-12 12:29:33	Farrell	1		Media/13057485135@s.whatsapp.net/6/9/694113b3-da4a-4faa-98b8-f525bdb20115.jpg
6196	2025-09-12 12:29:34	Farrell	1		Media/13057485135@s.whatsapp.net/8/c/8c0791d4-41a9-414b-b23c-2a856491b426.jpg
6216	2025-09-12 12:29:34	Farrell	1		Media/13057485135@s.whatsapp.net/a/d/add1986a-a822-4e2b-a6f4-770725f6537e.jpg
6228	2025-09-12 12:29:34	Farrell	1		Media/13057485135@s.whatsapp.net/6/4/64c04dfa-35fb-416c-ae9c-dd514b77b6bc.jpg
6247	2025-09-12 12:29:34	Farrell	1		Media/13057485135@s.whatsapp.net/4/d/4daf61cd-a58f-4fde-930c-dfaa11012d9a.jpg
6244	2025-09-12 12:29:35	Farrell	1		Media/13057485135@s.whatsapp.net/a/9/a9cd25c3-80c2-4774-8c73-5be0b6de1749.jpg
6238	2025-09-12 13:11:25	Farrell	66		
6235	2025-09-12 13:11:25	Farrell	1		Media/13057485135@s.whatsapp.net/4/8/485bc690-2edd-4253-9dee-491594198c54.jpg
6240	2025-09-12 13:11:25	Farrell	1		Media/13057485135@s.whatsapp.net/f/1/f1ce00aa-1e4f-4986-9b4d-3c7d6b208bdb.jpg
6229	2025-09-12 13:11:26	Farrell	1		Media/13057485135@s.whatsapp.net/8/0/80f9f65e-ecfd-4fba-bbb3-a8662390f7d8.jpg
6237	2025-09-12 13:12:29	Farrell	0	Hi. Turns out this guy is coming thru Boulder city tomorrow with that AOD.  If Justin is not around can I have him stop by just confirm its this transmission and I'll take it. I'll send him or you cashapp for the cost	
6245	2025-09-12 13:12:35	Farrell	0	We need it for a future build	
6239	2025-09-12 13:15:11	Farrell	0	How did the steering wheel come out	
6233	2025-09-12 13:15:16	Farrell	66		
6225	2025-09-12 13:15:16	Farrell	1		Media/13057485135@s.whatsapp.net/9/0/902fc309-05d2-4fc6-82d9-ff9e9deab57c.jpg
6250	2025-09-12 13:15:16	Farrell	1		Media/13057485135@s.whatsapp.net/6/9/693b5019-e3b9-49f4-a557-85b9d24e65c1.jpg
6242	2025-09-12 13:15:17	Farrell	1		Media/13057485135@s.whatsapp.net/e/5/e5a2cdca-8ef4-4e4d-80e6-73f180498121.jpg
6251	2025-09-12 13:15:17	Farrell	1		Media/13057485135@s.whatsapp.net/1/0/1020bcef-8db6-40c1-aac0-281935201dca.jpg
6236	2025-09-12 13:15:20	Farrell	0	One of these will work	
6249	2025-09-12 13:23:39	Skylar	0	Ok great. Also can we set up a payment? My guy says I still owe him $450

I’m not sure what to invoice right now but I’d like to get him that.
I need to see where we are at with all the payments and time and parts but just trying to stay on it.	
6253	2025-09-12 13:58:16	Farrell	0	$7,000 so far . This included an initial $1,000 in cash I handed to your father originally.	
6255	2025-09-12 13:58:31	Farrell	0	Don't want to rock the boat with him because this is between you and I	
6231	2025-09-12 13:58:40	Farrell	0	Can do payment Monday.	
6254	2025-09-12 13:59:22	Farrell	0	Or I can see if I have space on my zelle later but my limits are small with the banks I use. Different banks have different limits with zelle	
6223	2025-09-12 13:59:38	Farrell	0	Anyways Monday easy	
6252	2025-09-12 14:00:15	Skylar	0	Cool perfect	
6230	2025-09-12 14:00:38	Farrell	0	When should we be considering scheduling  bring a trailer.  I need to sell a truck soon. I could use a payment myself	
6227	2025-09-12 14:00:55	Skylar	0	This coming week I think	
6246	2025-09-12 14:01:00	Farrell	0	If I can get that green interior in I may have a buyer	
6243	2025-09-12 14:01:08	Farrell	0	And luck yeah that would be amazing	
6232	2025-09-12 14:08:58	Skylar	0	To get the white one finished and photo ready…
Im getting the front windshield in this afternoon.
We need the shocks.

Need to adjust the starter it sounds like shiitttt

Need to adjust the transmission. Again. 

Bolt down the body. Still not tally bolted down. 

Install the little fender supports. 

Dial in loose parts. 

Install wipers 

Ohhh front driveshaft need that bad. But won’t order til we are dialed in tune, transmission etc. 

Clean up the tailgate inside 

Figure out what to do on the rear side panels. 

Hook up the dash switches

That will more or less get the car photo ready	
6226	2025-09-12 16:10:58	Farrell	0	Sweet  shame starter for adjustment	
6224	2025-09-12 16:11:15	Farrell	0	Unfortunately we don't have the box it usually comes with shimes	
6248	2025-09-12 16:11:36	Farrell	0	My coyotes i use a clockable starter	
6234	2025-09-12 16:33:40	Farrell	0	Need green coyotes done this next week so we can list  before	
6241	2025-09-12 16:33:51	Skylar	0	Yes	
6257	2025-09-12 16:33:59	Farrell	0	Take those leads that don't win for my those green one	
6259	2025-09-12 16:34:02	Skylar	0	That one is much easier to complete	
6256	2025-09-12 16:34:24	Farrell	0	Yes let's make it happen just needa interior that Justin has	
6261	2025-09-12 16:34:31	Skylar	0	I’m preparing all my detail supplies hoping to have it done this weekend	
6258	2025-09-12 16:34:54	Skylar	0	I’ll talk to justin about the interior today or tomorrow	
6260	2025-09-12 16:35:26	Skylar	0	I’m gonna scrub the shit out of it later tonight	
6262	2025-09-12 17:51:59	Farrell	0	You rock	
6378	2025-09-13 09:25:17	Farrell	0	Morning brother, the tranny guy will be there 9 am your time . I am available to confirm with you make sure matching photos it's am AOD  and I will send him payment	
6359	2025-09-13 09:25:46	Farrell	0	I spoke with my bro for 20 years owner of the Inflatable company	
6365	2025-09-13 09:28:40	Skylar	0	Great I’m at my shop	
6296	2025-09-13 09:28:50	Skylar	0	707 yucca st Boulder City nv 89005	
6363	2025-09-13 09:30:32	Farrell	0	They prefer to to B2B. They have an app like LIME scooters. Fully  integrated.   That being said I have software guys and the manufacturer of the boat directly	
6381	2025-09-13 09:31:24	Farrell	59		
6410	2025-09-13 10:27:19	Skylar	1		Media/13057485135@s.whatsapp.net/d/a/dad88c98-12f1-4a69-8793-7b39a30bd7d5.jpg
6264	2025-09-13 10:36:18	Farrell	0	Paid in full	
6349	2025-09-13 10:36:36	Farrell	1		Media/13057485135@s.whatsapp.net/e/c/ec6b05bb-1bae-4ce8-8b34-dd18c76ec442.jpg
6394	2025-09-13 10:36:42	Farrell	1		Media/13057485135@s.whatsapp.net/8/d/8d54016a-e1c2-4c76-8953-87a8e2e85487.jpg
6403	2025-09-13 10:39:45	Farrell	0	And we got it free delivery thats a good buy	
6397	2025-09-13 10:40:46	Skylar	0	Done	
6373	2025-09-13 11:51:29	Farrell	0	By the way just thinking out loud here. If that hood needs fixing in any way now is the time to do it when your doing the bumpers	
6263	2025-09-13 11:54:12	Skylar	7	https://tomsoffroad.com/products/hood-prop-stiffening-braces?gad_source=1&gad_campaignid=21666197979&gclid=Cj0KCQjwrJTGBhCbARIsANFBfgsXUXeToJ6XXCU_4SeIH-DpjCyO8jh5hzyXHBwNYkvPt9ajBII5QPAaAmtfEALw_wcB	
6274	2025-09-13 11:58:29	Farrell	0	I'll order them first thing Monday	
6345	2025-09-13 11:58:52	Farrell	0	They should up sale everyone when they buy the shocks	
6406	2025-09-13 11:59:11	Farrell	0	Unless it's a new product because of all the fucked Hoods	
6501	2025-09-18 10:07:33	Skylar	1		Media/13057485135@s.whatsapp.net/e/0/e01b3ac6-ff39-45c8-969f-f0a4f1440ae4.jpg
6497	2025-09-18 10:07:53	Skylar	1		Media/13057485135@s.whatsapp.net/0/8/08820606-0be7-47c9-b11b-183afeb81f05.jpg
6506	2025-09-18 10:08:30	Skylar	0	What do you think about painting the center console white just a thought	
6503	2025-09-18 10:08:53	Farrell	3		Media/13057485135@s.whatsapp.net/9/c/9c5e9401-8a1d-4dfb-b27c-220957d6400f.opus
6508	2025-09-18 10:09:10	Farrell	3		Media/13057485135@s.whatsapp.net/d/8/d8bc8dee-f8e5-44bc-a285-0d6d60cf373d.opus
6505	2025-09-18 10:09:49	Skylar	0	There’s no carpet piece I can’t seem to find it at least. I could throw some white paint on it	
6507	2025-09-18 10:10:12	Skylar	1		Media/13057485135@s.whatsapp.net/b/f/bfcfefeb-0080-45a1-883c-744b2b0c4d7d.jpg
6502	2025-09-18 10:10:22	Farrell	3		Media/13057485135@s.whatsapp.net/a/a/aa30b57d-1b0c-4798-be1b-33ac43fa080d.opus
6509	2025-09-18 10:10:23	Skylar	0	Black rhino lines	
6504	2025-09-18 10:11:02	Farrell	3		Media/13057485135@s.whatsapp.net/d/a/da829044-fe4b-4c2b-b3cd-b565b0416ba5.opus
6500	2025-09-18 10:11:43	Farrell	3		Media/13057485135@s.whatsapp.net/7/7/77b40aa0-f023-4cd3-827b-b1b17b64572a.opus
6498	2025-09-18 10:12:02	Farrell	3		Media/13057485135@s.whatsapp.net/5/9/59b6c3b4-2298-467c-84c4-e27f48816b23.opus
6511	2025-09-18 10:25:20	Skylar	0	I’ll be in st barths tomorrow to show you the locations I have for those boats.	
6544	2025-09-18 10:27:46	Farrell	0	Yikes when you coming back ?	
6536	2025-09-18 10:28:06	Skylar	0	I’m there for a week	
6514	2025-09-18 10:28:21	Farrell	0	Ok	
6557	2025-09-18 10:28:36	Farrell	0	Definitely need to get green interior in for pics	
6532	2025-09-18 10:28:45	Farrell	0	Justin said he will help	
6546	2025-09-18 10:29:33	Farrell	0	Hood reinforcements will ne shipped out on the 26th. Back ordered	
6518	2025-09-18 10:36:08	Skylar	0	Are there other orders on the way?	
6519	2025-09-18 10:36:46	Skylar	7	https://tomsoffroad.com/products/66-77-ford-bronco-headlight-switch-wiring-plug?gad_source=1&gad_campaignid=21666197979&gbraid=0AAAAAD_AaIl0dnTj55PhmuM7P0Do-sp-2	
6530	2025-09-18 10:37:02	Skylar	0	This	
6516	2025-09-18 10:37:20	Skylar	0	This	
6515	2025-09-18 10:37:42	Skylar	0	This	
6520	2025-09-18 10:38:00	Skylar	0	Ignition dimmer and wiper	
6512	2025-09-18 10:38:11	Skylar	0	Shocks	
6537	2025-09-18 10:49:48	Farrell	0	Yes all but the shocks	
6523	2025-09-18 10:50:01	Farrell	0	Toms came in recently	
6551	2025-09-18 10:51:14	Farrell	66		
6579	2025-09-18 10:51:16	Farrell	1		Media/13057485135@s.whatsapp.net/3/f/3f26a7ec-56f0-4445-a211-8963a388eae4.jpg
6558	2025-09-18 10:51:16	Farrell	1		Media/13057485135@s.whatsapp.net/6/2/625dac70-b904-4769-ab14-5c1e54403546.jpg
6588	2025-09-18 10:51:19	Farrell	1		
6565	2025-09-18 10:51:20	Farrell	1		
6567	2025-09-18 10:52:27	Farrell	0	I'll need one final front resting side extended measurements now that new shocks and confirm rear and I'll order from Summit racing	
6586	2025-09-18 11:17:56	Skylar	0	Got them they were in the mailbox	
6559	2025-09-18 11:22:47	Farrell	14		
6591	2025-09-18 11:22:48	Farrell	14		
6561	2025-09-18 11:22:49	Farrell	14		
6566	2025-09-18 11:24:57	Skylar	0	A few random expenses from me the last couple days, bronco labor 450 
White bronco paint 298.70	
6582	2025-09-18 11:25:07	Skylar	1		Media/13057485135@s.whatsapp.net/9/1/9144fe3b-b267-4d21-a70a-76d3e19a7dbd.jpg
6577	2025-09-18 11:25:31	Farrell	0	👍	
6583	2025-09-18 11:29:48	Farrell	0	What do we have to do to get green truck replacement interior in with Justin has he mentioned anything to you	
6568	2025-09-18 13:43:11	Skylar	0	I’ve asked several times for the interior it’s raining today. 
My guy can install the seats when they show up	
6592	2025-09-18 15:10:39	Farrell	0	Fuuudge . I'll press him	
6643	2025-09-19 12:37:39	Farrell	0	Hi bro, Justin. Said he will drop off the interior for coyote bronco by tomorrow. Everything is plug and play however is said I may have steel door panels  bare steel I am pretty sure I have matching fabric ones. . However if they are steel we can paint them with bumpers and center consol same time same color it will match the interior	
6644	2025-09-19 12:38:04	Farrell	0	I'll try and have the shocks there for when you return also the hood support were shipped out today	
6645	2025-09-19 12:38:12	Farrell	0	Safe travels	
6646	2025-09-19 12:38:49	Farrell	0	Finally came up with a name for the boat charter .   NAUTI EV Boat rental Club	
6941	2025-09-23 06:50:49	Skylar	0	Hey I have some interior questions for broncos. I’m looking to source metal accent pieces	
6944	2025-09-23 06:51:15	Skylar	66		
6945	2025-09-23 06:51:16	Skylar	1		Media/13057485135@s.whatsapp.net/7/4/7468edc3-1179-48ce-aacd-c32fdcb7ad05.jpg
6943	2025-09-23 06:51:16	Skylar	1		Media/13057485135@s.whatsapp.net/4/c/4cf1a008-0fa9-49e9-834c-144a68ea51c9.jpg
6942	2025-09-23 06:51:17	Skylar	1		Media/13057485135@s.whatsapp.net/c/b/cb0336d8-ae2c-4732-9dd8-a7207a747abc.jpg
6946	2025-09-23 06:54:24	Farrell	0	Ask away	
6947	2025-09-23 06:55:12	Farrell	0	When are you back to Vegas . Also is that st Bart buyer finally ready to pull the trigger on something?	
6948	2025-09-23 06:55:57	Skylar	0	I’m planning to be back like beginning next week	
6951	2025-09-23 06:56:18	Farrell	0	Awesome	
6949	2025-09-23 06:56:35	Farrell	0	Justin said he finally dropped all the new interior for green one	
6950	2025-09-23 06:57:04	Farrell	0	Really need that one finished and ready to sell	
6952	2025-09-23 06:57:27	Farrell	0	I know it's going to be before the white one. .I'm sure we will have some testing bugs needing adjustment	
6953	2025-09-23 06:57:40	Farrell	0	Did they get to painting numbers and centerfold yet ?	
6954	2025-09-23 06:57:41	Skylar	0	I can get that interior in today shouldn’t be a worry	
6956	2025-09-23 06:57:49	Farrell	0	Fantastic	
6955	2025-09-23 06:58:38	Skylar	0	Yeah the paint supplier didn’t provide sealer so we got delayed yesterday. I’m gonna go over planning with my guys in an hour or two when they get there	
6957	2025-09-23 06:59:10	Farrell	0	I'm not sure which door panels  I bought.  If they are steel we can paint them with the bumpers same Wimbledon white. If the matching. Cloth material.  They are fragile on the top above door handle have to set on door to see where window knob pushes thru then razor knife cut small x to push thru	
6958	2025-09-23 06:59:46	Farrell	0	Awesome I really like your center console suggestion	
6959	2025-09-23 06:59:56	Skylar	0	Ernie, my interior expert will make sure it’s perfect	
6960	2025-09-23 07:00:05	Farrell	0	Have them confirm before spraying what door panels Justin brought over	
6963	2025-09-23 07:00:21	Farrell	0	For green truck because he mentioned i bought raw steel panels	
6964	2025-09-23 07:00:22	Skylar	0	Keoni will install get it all done and Ernie will tweak it so it’s photo ready	
6962	2025-09-23 07:00:26	Farrell	0	I don't remember	
6961	2025-09-23 07:00:32	Farrell	0	Boom	
6966	2025-09-23 07:01:07	Farrell	0	Anyone you know wants to take over a hotel opportunity in medellin,  convert to wellness Stay with sakes office for approved 8 story condo project	
6965	2025-09-23 07:01:31	Farrell	0	I have an incredible opportunity to almost walk in little down	
6967	2025-09-23 07:01:54	Farrell	0	I can't go back until 2026 then I can run it for 6 months 180 visa limit	
6968	2025-09-23 07:03:26	Skylar	0	Do you have images and details?	
6969	2025-09-23 07:04:09	Farrell	0	Ofcourse I out together a feasibility study and  deck	
6970	2025-09-23 07:04:13	Farrell	0	Sending pics now	
6971	2025-09-23 07:04:42	Farrell	66		
6972	2025-09-23 07:04:44	Farrell	2		Media/13057485135@s.whatsapp.net/d/3/d3d558fb-85bc-4ecb-b4e5-6d55260bbb7a.mp4
6973	2025-09-23 07:04:45	Farrell	2		Media/13057485135@s.whatsapp.net/9/5/95912d75-2f9b-42aa-b44b-a81bbb69b83c.mp4
6974	2025-09-23 07:04:46	Farrell	1		Media/13057485135@s.whatsapp.net/c/d/cd05b529-6a9f-4f4d-af5e-0748fa8e7f26.jpg
6975	2025-09-23 07:04:46	Farrell	1		Media/13057485135@s.whatsapp.net/a/d/adb72ab6-dd5c-4de1-84b7-51a857f37fe9.jpg
6976	2025-09-23 07:04:46	Farrell	1		Media/13057485135@s.whatsapp.net/0/9/09b84379-f107-4490-8943-8155a56d27e0.jpg
6977	2025-09-23 07:04:47	Farrell	1		Media/13057485135@s.whatsapp.net/3/c/3c59c4bf-964d-402b-bd46-93ccb86e8b6e.jpg
6978	2025-09-23 07:04:47	Farrell	1		Media/13057485135@s.whatsapp.net/a/c/acf856ba-96a0-4183-9b16-7a2f7468b22b.jpg
6979	2025-09-23 07:04:48	Farrell	1		Media/13057485135@s.whatsapp.net/7/f/7f645187-b13c-4a72-b223-7be7e34b7052.jpg
6980	2025-09-23 07:04:48	Farrell	1		Media/13057485135@s.whatsapp.net/8/0/80571180-46c1-4e91-a739-7b9d87b4fbc4.jpg
6981	2025-09-23 07:04:49	Farrell	1		Media/13057485135@s.whatsapp.net/3/7/37efadb2-6de2-40f0-a986-352fce44fcf4.jpg
6982	2025-09-23 07:04:49	Farrell	1		Media/13057485135@s.whatsapp.net/f/7/f7b88dff-a33b-4177-92fc-3caf723c7dbf.jpg
6983	2025-09-23 07:04:49	Farrell	1		Media/13057485135@s.whatsapp.net/3/0/30b9cd09-9c1d-4b32-8dbe-e41c721d7e12.jpg
6984	2025-09-23 07:04:50	Farrell	1		Media/13057485135@s.whatsapp.net/c/f/cf45d564-66f0-4486-91a0-f1ff76123798.jpg
6985	2025-09-23 07:04:50	Farrell	1		Media/13057485135@s.whatsapp.net/e/e/eee8b903-2328-4968-8677-07dbb34560d5.jpg
6986	2025-09-23 07:04:51	Farrell	1		Media/13057485135@s.whatsapp.net/2/5/256c2475-8111-4959-b601-ed17af36009f.jpg
6987	2025-09-23 07:04:51	Farrell	1		Media/13057485135@s.whatsapp.net/b/e/be119f5b-7f7a-4600-b610-4d6e5aaf227f.jpg
6988	2025-09-23 07:04:52	Farrell	1		Media/13057485135@s.whatsapp.net/8/0/808ec668-e163-4215-9696-73cdfd01b5e9.jpg
6989	2025-09-23 07:04:52	Farrell	1		Media/13057485135@s.whatsapp.net/b/d/bd1dd2fd-4778-4b21-bb7a-d19f7a16ff64.jpg
6990	2025-09-23 07:04:52	Farrell	1		Media/13057485135@s.whatsapp.net/0/f/0fa371cc-6c73-40e3-ac8c-229d0c5dce36.jpg
6991	2025-09-23 07:04:53	Farrell	1		Media/13057485135@s.whatsapp.net/f/7/f754dcf1-d3b5-4b2d-a474-8e0aadd0f0c0.jpg
6992	2025-09-23 07:04:53	Farrell	1		Media/13057485135@s.whatsapp.net/c/9/c9e20714-4cc6-48f0-bda6-09a93961f873.jpg
6993	2025-09-23 07:04:54	Farrell	1		Media/13057485135@s.whatsapp.net/b/2/b206c084-110a-4ac1-a00a-c6c0c2e7caf0.jpg
6994	2025-09-23 07:04:54	Farrell	1		Media/13057485135@s.whatsapp.net/6/4/64d3e71c-7e5e-4477-a9b9-9357ce83a331.jpg
6995	2025-09-23 07:04:54	Farrell	1		Media/13057485135@s.whatsapp.net/3/0/30510713-1885-4678-ab3a-0e951a298f7d.jpg
6996	2025-09-23 07:04:55	Farrell	1		Media/13057485135@s.whatsapp.net/8/d/8dde0c2c-1bf5-4087-82ee-15b081642644.jpg
6997	2025-09-23 07:04:55	Farrell	1		Media/13057485135@s.whatsapp.net/b/8/b8d813c0-926e-4a66-9ab8-f2a874568757.jpg
6998	2025-09-23 07:04:56	Farrell	1		Media/13057485135@s.whatsapp.net/3/e/3ea97fe5-a491-4a31-9ab0-69b2e83af48d.jpg
6999	2025-09-23 07:04:56	Farrell	1		Media/13057485135@s.whatsapp.net/f/7/f7b7f51e-afbf-48f5-b21a-3306e37ee936.jpg
7000	2025-09-23 07:04:56	Farrell	1		Media/13057485135@s.whatsapp.net/7/8/78e87a3a-4aff-4e5e-aba4-47bde77af7d4.jpg
7001	2025-09-23 07:04:57	Farrell	1		Media/13057485135@s.whatsapp.net/6/e/6e69ef2d-f3dc-4deb-bbfb-cf3017ca6cd2.jpg
7002	2025-09-23 07:04:57	Farrell	1		Media/13057485135@s.whatsapp.net/e/a/ea0662b6-3cfb-4d4e-be91-6a63f0e25d6b.jpg
7003	2025-09-23 07:05:30	Farrell	0	It's approved to build 8 story  condo building. Gentrified all around. And a right wing president is predicted to win May 2026  current is left and they have him	
7004	2025-09-23 07:06:32	Farrell	0	Want to put lipstick modernize interior add wellness center. Blood filters,  hydro beds, gym yoga training and sales office for reconstruction sales for the development	
7005	2025-09-23 07:08:00	Farrell	0	I can buy all the cureent hotel lisc llc Expedia stafd the works for peanuts  the owners of the property will do a owner finance as well. I will lock them in on a price for 12 months with going. Hard in 10 months while we confirm the hotel revenue and pre construction sales of not return deposits and walk away.	
7006	2025-09-23 07:08:30	Farrell	0	Medellin is booming with cranes and development laurels malibu area is flat so on fire now the rest in very hilly and mountains	
7007	2025-09-23 07:13:33	Skylar	0	I think I’ll have a hard time finding a proper fit but I’ll ask all my South American contacts and real estate contacts to see who might be interested	
7008	2025-09-23 07:22:12	Farrell	0	I actually just got off a Phone with a buddy down there that wants in.  We stick with Saint  barte and all your connects	
7009	2025-09-23 07:22:40	Farrell	0	Still working on ev boats. Need a good location with eco friendly hotel if that's even a thing there	
7010	2025-09-23 07:22:57	Skylar	0	Pretty eco here	
7012	2025-09-23 07:23:52	Farrell	0	I have a hotel in guatape medellin that wants to partner	
7011	2025-09-23 07:23:59	Farrell	0	Sweet	
7013	2025-09-23 07:24:09	Farrell	0	That shoidk be our base camp	
7014	2025-09-23 07:26:13	Skylar	0	Le Carl gustaf 

Guanahani

Ocean club

Manapany

Eden rock

Cheval blanc 

Le Sereno 

Le Toiny 

SiBarth villa rental	
7019	2025-09-23 08:06:25	Farrell	0	Dang	
7020	2025-09-23 08:06:59	Farrell	0	That's makes for a more optimistic opportunity for success with this particularly eco friendly vessel.	
7021	2025-09-23 08:07:32	Skylar	0	Plus the yachts I see it as a yacht toy during high season	
7022	2025-09-23 08:07:47	Skylar	0	People have literal tennis courts on their yachts in December	
7023	2025-09-23 08:07:53	Skylar	0	And gigantic slides	
7024	2025-09-23 08:08:01	Skylar	0	The rich Americans are terrifying	
7025	2025-09-23 08:08:05	Farrell	0	Need to know if we will be classified as a paddle board canoe considering  600 cm c 240 cm.  150 lbs. 3.5  watt electric motor and 6 knots	
7026	2025-09-23 08:08:10	Farrell	0	Insane	
7027	2025-09-23 08:08:19	Farrell	0	This maybe be embarrassing for them	
7028	2025-09-23 08:08:40	Skylar	1		Media/13057485135@s.whatsapp.net/a/7/a740fece-c250-450c-a55d-25469f71613a.jpg
7029	2025-09-23 08:08:45	Skylar	1		Media/13057485135@s.whatsapp.net/1/9/1932692f-f10f-49b7-b5ca-96ac371a5ef9.jpg
7030	2025-09-23 08:08:57	Skylar	0	I think the opposite they love to have all the little toys	
7031	2025-09-23 08:09:47	Farrell	0	You would know best	
7032	2025-09-23 08:10:32	Farrell	0	Just need to check with local coast guard the rules do we fall between the lines or will need a hull number and insurance with registration ( hopefully not )	
7033	2025-09-23 08:10:53	Skylar	66		
7034	2025-09-23 08:10:55	Skylar	1		Media/13057485135@s.whatsapp.net/9/b/9b55bce7-6294-4d40-b31b-4f112d5b86c9.jpg
7035	2025-09-23 08:11:04	Skylar	1		Media/13057485135@s.whatsapp.net/b/5/b5a0e050-a340-4163-8a0b-ebad84fb5250.jpg
7036	2025-09-23 08:11:04	Skylar	1		Media/13057485135@s.whatsapp.net/7/f/7f5db04a-0dc4-4e0a-98ad-767f29ef572c.jpg
7037	2025-09-23 08:11:05	Skylar	1		Media/13057485135@s.whatsapp.net/e/7/e7c5fd02-8308-400d-977a-5848bdd3ac1d.jpg
7038	2025-09-23 08:11:05	Skylar	1		Media/13057485135@s.whatsapp.net/c/2/c2615071-6ac6-4f90-b818-21487ae27880.jpg
7039	2025-09-23 08:11:05	Skylar	1		Media/13057485135@s.whatsapp.net/7/7/77f66181-4eb2-43c6-b79c-7171f8de36f5.jpg
7040	2025-09-23 08:11:05	Skylar	1		Media/13057485135@s.whatsapp.net/9/e/9e3f7a3d-645c-47e3-a79f-c339eb714f93.jpg
7041	2025-09-23 08:11:05	Skylar	1		Media/13057485135@s.whatsapp.net/6/9/69084d63-98aa-4057-8179-67bc0a326e92.jpg
7042	2025-09-23 08:11:06	Skylar	1		Media/13057485135@s.whatsapp.net/d/5/d5486eff-4560-40f5-b16c-52b50c55d3aa.jpg
7043	2025-09-23 08:11:06	Skylar	1		Media/13057485135@s.whatsapp.net/5/4/5443bfe7-fd34-4d71-84b8-df211c89ab4f.jpg
7044	2025-09-23 08:11:06	Skylar	1		Media/13057485135@s.whatsapp.net/7/7/77345b48-fbf4-4f1a-aacd-97e0c3d7e12c.jpg
7045	2025-09-23 08:11:06	Skylar	1		Media/13057485135@s.whatsapp.net/1/e/1e4dd370-c94e-4ea5-83b6-c2009d41e369.jpg
7046	2025-09-23 08:11:06	Skylar	1		Media/13057485135@s.whatsapp.net/4/d/4d5b097f-9c94-447e-a65c-da0b4a2b7403.jpg
7047	2025-09-23 08:11:07	Skylar	1		Media/13057485135@s.whatsapp.net/6/d/6dd2b4ad-df46-46a6-854f-26829474eb1e.jpg
7048	2025-09-23 08:11:07	Skylar	1		Media/13057485135@s.whatsapp.net/b/b/bb65515a-c55b-4d53-b88f-b423f6acf1d9.jpg
7049	2025-09-23 08:11:23	Skylar	0	I think the best for the brand is to associate it with super yachts	
7050	2025-09-23 08:11:33	Skylar	1		Media/13057485135@s.whatsapp.net/f/4/f4f5e85c-cb36-46f0-8d7f-f42ac5cf797b.jpg
7051	2025-09-23 08:11:44	Skylar	1		Media/13057485135@s.whatsapp.net/6/a/6ac8fdd1-8401-440e-a5cc-01e57ad70f8a.jpg
7052	2025-09-23 08:11:44	Skylar	1		Media/13057485135@s.whatsapp.net/f/d/fd40b2e6-ff78-4326-8a7f-87e027475ab2.jpg
7053	2025-09-23 08:11:44	Skylar	1		Media/13057485135@s.whatsapp.net/2/3/2305b592-bb83-4254-a53d-78854d0d0db5.jpg
7054	2025-09-23 08:11:46	Skylar	1		Media/13057485135@s.whatsapp.net/1/3/13410229-1d69-4eea-8d33-534e2153de18.jpg
7055	2025-09-23 08:11:47	Skylar	1		Media/13057485135@s.whatsapp.net/8/4/84d8eefe-2988-45b5-8c91-cc2fcb72466a.jpg
7056	2025-09-23 08:11:47	Skylar	1		Media/13057485135@s.whatsapp.net/b/3/b3a4173d-7ca2-4f4f-b63d-b68a34c48599.jpg
7057	2025-09-23 08:11:47	Skylar	1		Media/13057485135@s.whatsapp.net/7/7/771ba140-62b3-460b-a8a6-65a840b2e2c2.jpg
7058	2025-09-23 08:11:47	Skylar	1		Media/13057485135@s.whatsapp.net/b/c/bc4211f0-affc-4b32-86ea-102086d802fd.jpg
7059	2025-09-23 08:11:47	Skylar	1		Media/13057485135@s.whatsapp.net/d/6/d6720834-dbab-4527-b965-6e01697bbf81.jpg
7060	2025-09-23 08:11:47	Skylar	1		Media/13057485135@s.whatsapp.net/9/e/9e65d132-56a0-44d0-9e00-6089e9c0286f.jpg
7061	2025-09-23 08:11:48	Skylar	1		Media/13057485135@s.whatsapp.net/7/c/7c9f9bcc-b6e3-444e-96ca-7cad60d7c929.jpg
7062	2025-09-23 08:11:48	Skylar	1		Media/13057485135@s.whatsapp.net/4/f/4fa5cafa-12ce-444e-87fa-df3eef21c352.jpg
7063	2025-09-23 08:12:00	Farrell	0	That's some nice yacht traffic	
7312	2025-09-25 09:54:22	Skylar	0	steering wheel horn button, column cover, pedal covers, correct gasket for windshield. shocks	
7313	2025-09-25 09:55:27	Skylar	2		Media/13057485135@s.whatsapp.net/e/7/e740b61e-c41c-4a96-93e1-542eb241c368.mp4
7314	2025-09-25 09:55:27	Skylar	2		Media/13057485135@s.whatsapp.net/e/e/ee7e87c9-7d20-4f0d-babb-ba47095a9724.mp4
7318	2025-09-25 09:58:37	Farrell	0	Sick did they use both 1 inch square tubing on top of frame hornes to lift bumper	
7320	2025-09-25 09:58:51	Farrell	0	It has a 2 inch lift adjustment	
7321	2025-09-25 09:59:04	Farrell	0	It doesn't look like they did	
7322	2025-09-25 09:59:36	Farrell	0	Bro great call to paint the venter console looks great	
7323	2025-09-25 10:00:28	Farrell	0	I can tell the two one inch square tubing is not on there or it's one top one bottom need both on top	
7324	2025-09-25 10:00:56	Farrell	0	We killed it painting the bumpers and the center fing love it	
7326	2025-09-25 10:03:25	Skylar	0	they came with the square tubing two 1 inch bars. i thought the same, looks a little off but we can adjust. we should put nicer bolts like some ARP or something	
7327	2025-09-25 10:07:37	Skylar	7	https://vswsteeringwheels.com/products/ste1049-21	
7328	2025-09-25 10:08:24	Skylar	7	https://www.allamericanbillet.com/machined-966.html	
7329	2025-09-25 10:09:04	Skylar	0	https://www.wildhorses4x4.com/early-bronco-billet-aluminum-steering-column-trim-cover?srsltid=AfmBOopeuMVhXAO4nnzK1BPUvKxqhW5hz_8Wp3_QiUavYvKDi1sOPjCp	
7330	2025-09-25 10:09:18	Farrell	0	Also did Justin give you the steering column black bronco cover I have like three of them new	
7331	2025-09-25 10:09:30	Skylar	0	no never showed up	
7332	2025-09-25 10:09:42	Skylar	0	billet would look bettterr	
7333	2025-09-25 10:09:47	Farrell	0	Yes agreed	
7334	2025-09-25 10:09:49	Farrell	0	On it	
7335	2025-09-25 10:11:18	Farrell	0	Yes . The tubing allow it to lift 2 inches over the frame horn absorbing that gap	
7336	2025-09-25 10:32:51	Skylar	0	is the white one a 66?	
7337	2025-09-25 10:33:05	Farrell	0	No	
7338	2025-09-25 10:33:10	Skylar	0	what year?	
7339	2025-09-25 10:33:43	Farrell	0	1974.  Smog exempted	
7340	2025-09-25 10:33:57	Skylar	0	U15GLU84208

 092 S U153 34 C B98 04450 23	
7341	2025-09-25 10:33:59	Skylar	0	ok cool	
7342	2025-09-25 10:34:20	Farrell	1		Media/13057485135@s.whatsapp.net/6/2/6256f421-fd73-45d8-99e3-721712249253.jpg
7343	2025-09-25 10:34:30	Farrell	1		Media/13057485135@s.whatsapp.net/f/0/f0143788-6dd8-4f45-bf9d-90f2d1fa2fa0.jpg
7344	2025-09-25 10:34:36	Farrell	0	I chose it to be best coast smog exempted	
7345	2025-09-25 10:34:42	Farrell	0	👊😁	
7346	2025-09-25 10:34:42	Skylar	0	cool	
7347	2025-09-25 10:34:59	Skylar	0	im figuring out the lengths on shocks	
7348	2025-09-25 10:35:05	Farrell	0	Dayum right that can be a deal breaker for west coast buyers	
7349	2025-09-25 10:35:09	Farrell	0	Thanks	
7350	2025-09-25 10:35:28	Farrell	0	I'll get everything ordered no later then tomorrow morning	
7351	2025-09-25 10:36:00	Farrell	0	Did you guys ever ishtall those small castor aber nuts things I ordered	
7352	2025-09-25 10:36:17	Farrell	0	In the front Dana 44  ball joint tops	
7353	2025-09-25 10:36:37	Farrell	0	Around that area anyways will make a huge difference whrh driving	
7354	2025-09-25 10:37:01	Skylar	0	yes	
7355	2025-09-25 10:37:19	Skylar	0	we are close… so many little problems to chase	
7361	2025-09-25 10:52:04	Farrell	0	Im.sure	
7362	2025-09-25 10:54:12	Farrell	0	Since it's tough to find satin black carriage bolts for the bumpers I used to use grade 8 yellow. . But was thinking could be cool.when tighting down the bumpers after putting in the 1 inch square tubing what If you took a small swatch of the material I left and covered the tops of bolts in the matching interior seat material.  Not sure how to accomplish but could work	
7363	2025-09-25 10:55:01	Skylar	7	https://arp-bolts.com/	
7364	2025-09-25 10:55:22	Skylar	0	trust me on this one 😛	
7365	2025-09-25 10:56:37	Skylar	0	what year is the velocity?	
7366	2025-09-25 10:58:03	Farrell	0	I forgot like the same year have to confirm	
7367	2025-09-25 10:58:12	Farrell	0	75 or older	
7368	2025-09-25 10:59:11	Farrell	66		
7369	2025-09-25 10:59:12	Farrell	1		Media/13057485135@s.whatsapp.net/7/8/78a062bc-583c-49a0-a426-d63c011c9d6b.jpg
7370	2025-09-25 10:59:13	Farrell	1		Media/13057485135@s.whatsapp.net/9/2/9286d50c-186b-48ea-9d7b-5518f77a4d01.jpg
7371	2025-09-25 10:59:14	Farrell	1		Media/13057485135@s.whatsapp.net/5/a/5a714b0a-b5ed-4434-9b2c-3e1907db47a1.jpg
7372	2025-09-25 10:59:14	Farrell	1		Media/13057485135@s.whatsapp.net/a/a/aa9eb8af-2c13-4a44-9d27-ada60ca5d4b4.jpg
7373	2025-09-25 10:59:15	Farrell	1		Media/13057485135@s.whatsapp.net/2/1/216fef84-ab4f-47a8-8874-2246a5003fd2.jpg
7374	2025-09-25 10:59:15	Farrell	1		Media/13057485135@s.whatsapp.net/f/1/f11f121d-be34-4de3-a248-31508cfa9108.jpg
7375	2025-09-25 10:59:16	Farrell	1		Media/13057485135@s.whatsapp.net/3/7/3765d40e-f35f-407c-8cf4-63482dadbf46.jpg
7376	2025-09-25 10:59:17	Farrell	1		Media/13057485135@s.whatsapp.net/c/d/cda276d5-cf90-4b88-8738-cfeda963f3ed.jpg
7377	2025-09-25 10:59:18	Farrell	1		Media/13057485135@s.whatsapp.net/0/4/04f04589-6c1c-4037-9b4c-02ad1ab70095.jpg
7378	2025-09-25 10:59:18	Farrell	1		Media/13057485135@s.whatsapp.net/b/d/bdcdf76b-d80a-4f0c-a700-9297fadfc30c.jpg
7379	2025-09-25 10:59:19	Farrell	1		Media/13057485135@s.whatsapp.net/1/8/18a81301-b4e3-4740-9fbb-8bddaaff6298.jpg
7380	2025-09-25 10:59:19	Farrell	1		Media/13057485135@s.whatsapp.net/1/a/1a3c3da9-6534-479d-9cbb-8d307610544e.jpg
7381	2025-09-25 10:59:20	Farrell	1		Media/13057485135@s.whatsapp.net/6/4/64d63325-7dcd-406b-af94-6d3e43e218c5.jpg
7382	2025-09-25 10:59:20	Farrell	1		Media/13057485135@s.whatsapp.net/3/8/38181da7-66c4-444e-9fa1-da38da6d2074.jpg
7383	2025-09-25 10:59:22	Farrell	1		Media/13057485135@s.whatsapp.net/7/0/70c8f826-b547-46dc-941a-217d70201feb.jpg
7384	2025-09-25 10:59:22	Farrell	1		Media/13057485135@s.whatsapp.net/0/5/05340f96-44b7-43e0-83fc-701cf3dde83d.jpg
7385	2025-09-25 10:59:49	Skylar	0	unique combo. 22 USD?	
7386	2025-09-25 10:59:54	Farrell	0	Check our the diesel chevy	
7387	2025-09-25 11:00:02	Farrell	0	Yes	
7388	2025-09-25 11:00:06	Farrell	0	Plus shipping	
7389	2025-09-25 11:00:20	Skylar	0	thats expensive for the mileage thats usa prices	
7390	2025-09-25 11:00:21	Farrell	0	Can get it a bit lower I'm sure	
7391	2025-09-25 11:00:32	Skylar	0	would need to be wayyyy less	
7392	2025-09-25 11:00:35	Farrell	0	Yes prices are expensive here in Argentina	
7393	2025-09-25 11:00:45	Farrell	0	What about the multi window vw van	
7394	2025-09-25 11:01:10	Farrell	0	Colombia has better deals	
7395	2025-09-25 11:01:33	Skylar	0	my dad knows buses real good	
7396	2025-09-25 11:01:46	Farrell	0	The oj  Simpson bronco go for crazy money here	
7397	2025-09-25 11:01:59	Skylar	0	not in the usa. easy to find	
7398	2025-09-25 11:02:10	Farrell	0	Find out I am not proficient in them	
7399	2025-09-25 11:02:29	Skylar	0	send pix	
7400	2025-09-25 11:02:36	Farrell	0	Brazil supposed has a good nostalgic car base and pricing	
7401	2025-09-25 11:02:44	Farrell	0	I did	
7402	2025-09-25 11:02:58	Farrell	66		
7403	2025-09-25 11:02:59	Farrell	1		Media/13057485135@s.whatsapp.net/5/d/5d8ed079-ad4c-4de4-8673-df546f996eb8.jpg
7404	2025-09-25 11:02:59	Farrell	1		Media/13057485135@s.whatsapp.net/e/0/e05d7769-a80b-4d22-9cf1-6434882e2372.jpg
7405	2025-09-25 11:03:00	Farrell	1		Media/13057485135@s.whatsapp.net/d/3/d3d56f38-4d2b-4a02-8f5d-131a5ec350cd.jpg
7406	2025-09-25 11:03:00	Farrell	1		Media/13057485135@s.whatsapp.net/4/d/4d0cc7e6-c328-4913-bbe0-138021b5c88c.jpg
7407	2025-09-25 11:03:01	Farrell	1		Media/13057485135@s.whatsapp.net/9/4/94f4728a-2d8e-422a-9cb5-efeb1c445558.jpg
7408	2025-09-25 11:03:01	Farrell	1		Media/13057485135@s.whatsapp.net/c/1/c118cb2b-4494-4c89-bfbf-e941f4ebae57.jpg
7409	2025-09-25 11:03:02	Farrell	1		Media/13057485135@s.whatsapp.net/f/6/f68a5a61-a49f-4036-9dfe-a8da506ef590.jpg
7410	2025-09-25 11:03:02	Farrell	1		Media/13057485135@s.whatsapp.net/8/6/860f23e7-17ab-45bf-bc7d-bb9d9eebef38.jpg
7411	2025-09-25 11:03:03	Farrell	1		Media/13057485135@s.whatsapp.net/0/3/0331dbd2-4d07-4084-8a07-b5efadeb7d98.jpg
7412	2025-09-25 11:03:04	Farrell	1		Media/13057485135@s.whatsapp.net/8/5/8592ea6a-14ea-4e78-b220-eb0172db5dcd.jpg
7413	2025-09-25 11:03:04	Farrell	1		Media/13057485135@s.whatsapp.net/8/f/8fb27152-d609-4d8c-937d-b75ebc3d6f42.jpg
7414	2025-09-25 11:03:05	Farrell	1		Media/13057485135@s.whatsapp.net/d/e/deb0ea85-90a4-4a21-95fc-794440973f14.jpg
7415	2025-09-25 11:03:18	Skylar	0	what year is that one	
7416	2025-09-25 11:04:05	Farrell	0	Will have to check again. Thinking mid 70s	
7417	2025-09-25 11:04:18	Farrell	0	Early 80s	
7418	2025-09-25 11:04:25	Skylar	7	https://bringatrailer.com/listing/1964-volkswagen-bus-27/	
7419	2025-09-25 11:05:04	Skylar	0	needs to have the upper windows “samba"	
7420	2025-09-25 11:05:16	Farrell	0	Yup	
7421	2025-09-25 11:05:40	Farrell	0	Well they only asked 16k so if it's a 40k truck we'll worth the effort	
7422	2025-09-25 11:05:47	Farrell	0	I'll call and check	
7427	2025-09-25 11:23:40	Farrell	0	Those inflatable boats could work on lake mead next to you	
7428	2025-09-25 11:26:21	Skylar	0	Except lake mead is disgusting. Lake Havasu would probably work better	
7458	2025-09-25 13:19:47	Farrell	0	I am just considering more logistics.  How far ofns drive from you to havasu?	
7459	2025-09-25 13:37:11	Skylar	0	2.5 hours or less	
7460	2025-09-25 13:37:34	Skylar	0	I bet one or two could sell to lake Las Vegas	
7461	2025-09-25 13:37:45	Skylar	0	Or better yet, just sell to the bellagio	
7464	2025-09-25 14:50:25	Farrell	0	Interesting thought	
7508	2025-09-26 10:32:22	Farrell	0	Reminder for those  final shock measurements please just write it not poc of measuring tape. Tough for me to be sure. Expanded and resting	
7509	2025-09-26 10:33:18	Skylar	0	me too its confusing but ill look at the images again best to ask the supplier itll probably be easy for them but i bet theyre asking the same thing.	
7510	2025-09-26 10:33:47	Skylar	0	21.5” eye to eye front	
7511	2025-09-26 10:34:15	Skylar	0	weighted	
7512	2025-09-26 10:34:48	Skylar	0	23 1/8” hanging	
7513	2025-09-26 10:35:11	Skylar	0	25” hanging rear	
7514	2025-09-26 10:35:33	Skylar	0	22.5 weighted	
7515	2025-09-26 10:36:20	Farrell	0	I order from summit	
7517	2025-09-26 10:36:41	Farrell	0	What you sent will work awesome 👌	
7518	2025-09-26 10:54:17	Skylar	0	Ok so we are probably gonna need another payment for last couple weeks work I haven’t calculated yet but we will figure it out just letting you know	
7519	2025-09-26 10:54:40	Farrell	0	👍	
7520	2025-09-26 10:55:01	Farrell	0	Any progress on coyote interior	
7521	2025-09-26 10:55:15	Farrell	0	I can get that one sold first	
7522	2025-09-26 10:57:11	Skylar	0	Yeah I just asked to get it done today so I’ll check in on the guys again in a bit	
7523	2025-09-26 10:58:22	Farrell	0	Awesome so long as we ready for photos next week would be greatly appreciated	
7524	2025-09-26 10:58:50	Skylar	0	It’s one of the main reasons for me to go back to vegas next week	
7525	2025-09-26 11:00:18	Farrell	0	Fuck yeah	
7526	2025-09-26 11:01:11	Farrell	0	Let's also look into the inflatable rental business operating lisc and insurance if it's interesting for you. These as rental are low start up ppe risk because they go slow , great for mail box money social media pics etc	
7580	2025-09-26 14:10:05	Farrell	66		
7581	2025-09-26 14:10:05	Farrell	1		Media/13057485135@s.whatsapp.net/9/5/95512242-30b9-44fb-8690-d46b6cd3a97b.jpg
7582	2025-09-26 14:10:06	Farrell	1		Media/13057485135@s.whatsapp.net/8/a/8a7a839f-6c78-4ceb-a28b-d5318c18c6c4.jpg
7583	2025-09-26 14:10:07	Farrell	1		Media/13057485135@s.whatsapp.net/9/9/99ea3741-b5c5-453b-8445-c369ed6f67bf.jpg
7584	2025-09-26 14:10:07	Farrell	1		Media/13057485135@s.whatsapp.net/b/0/b0a55628-9106-40d2-bff1-9ee480608ae6.jpg
7585	2025-09-26 14:10:34	Farrell	0	I have these somewhere with justin need to put these in window	
7586	2025-09-26 14:23:14	Farrell	0	All ordered got  a deal on rock krawler shocks checked wheel well was going to get two reservoir bilstiens but won't really see it with your big tires so got killer black ones. Got the bezal  and Ford bronco horn	
7587	2025-09-26 14:24:02	Farrell	0	I definitely have the windshield dash hold downs unless they are not fitting ( reaching the nut if I remember was a problem. )	
7588	2025-09-26 14:26:07	Farrell	0	https://youtu.be/tsRKZFneuKE?feature=shared	
7589	2025-09-26 14:26:51	Farrell	0	https://youtube.com/shorts/4-XavfSIiEc?feature=shared	
7590	2025-09-26 14:27:15	Farrell	7	https://youtu.be/LzqP_FWjt5s?feature=shared	
7591	2025-09-26 14:27:29	Farrell	0	https://youtube.com/shorts/MmyjpHvm4qY?feature=shared	
7592	2025-09-26 14:27:36	Farrell	0	Some of my old builds	
7593	2025-09-26 14:28:06	Farrell	7	https://youtube.com/shorts/MzbN9hcWe-w?feature=shared	
7594	2025-09-26 14:28:32	Farrell	7	https://youtube.com/shorts/drnFAazIj5Q?feature=shared	
7595	2025-09-26 14:29:16	Farrell	0	https://youtu.be/HY32d4dllp8?feature=shared	
7706	2025-09-29 08:14:10	Skylar	0	hey there do you have a wholesale acct with toms offroad?	
7708	2025-09-29 08:27:26	Farrell	0	Hi just 5 %	
7709	2025-09-29 08:27:34	Farrell	0	What do we need	
7710	2025-09-29 08:27:44	Farrell	0	I ordered all the last parts requested	
7711	2025-09-29 08:27:48	Skylar	0	I’ve got like a 2000 order	
7712	2025-09-29 08:27:55	Skylar	0	For a different vehicle e	
7713	2025-09-29 08:28:02	Farrell	0	Oh.	
7714	2025-09-29 08:28:15	Farrell	0	5% that's all they give	
7870	2025-09-30 06:41:50	Farrell	0	Gm.  Summit also.has some bronco parts and wildhorses has new deals on interior seat sets with diamond stitched	
7799	2025-09-30 06:42:48	Farrell	0	You should of received by now the hood reinforcements.  Shocks and other items ordered.  Please share pics of velocity build interior when done. Need that one this week 🙏 🙌 😫	
7925	2025-09-30 09:46:31	Skylar	0	What do you wanna do with the velocity interior? Because I’d like to recover it	
7913	2025-09-30 09:47:19	Farrell	0	I keep it and use for the green truck I have coming. I recycle everything. Justin can pick up if in your way	
7939	2025-09-30 09:47:39	Farrell	0	Or we can leave there covered until next truck arrives	
7926	2025-09-30 09:47:57	Farrell	0	That interior is a $15,000 interior	
7959	2025-09-30 09:48:10	Skylar	0	Yeah but it’s trashed that’s the problem	
7935	2025-09-30 09:48:43	Farrell	0	Was not when I dropped it off at the first bodyshop only two patches the rest was new just little dirty	
7762	2025-09-30 09:48:45	Skylar	1		Media/13057485135@s.whatsapp.net/4/a/4ace1e5d-91a2-4866-91db-3658d8cdf182.jpg
7768	2025-09-30 09:48:59	Farrell	0	What's this ?	
7953	2025-09-30 09:49:19	Skylar	1		Media/13057485135@s.whatsapp.net/b/d/bdfd549f-25c4-4d54-920f-5324410b8e26.jpg
7999	2025-09-30 09:49:26	Farrell	0	Why what are your thoughts for the interior someone want to buy it ?	
7805	2025-09-30 09:49:52	Farrell	0	Who sells this is basic have to get close to notice the carbon. Fiber	
7806	2025-09-30 09:51:08	Skylar	0	It’s just a reference we are doing a woven insert with leather surround	
7957	2025-09-30 09:51:47	Farrell	66		
7794	2025-09-30 09:51:47	Farrell	1		Media/13057485135@s.whatsapp.net/b/c/bce030eb-e09a-4f0b-94e0-e0e7ed7fdd5d.jpg
7765	2025-09-30 09:51:48	Farrell	1		Media/13057485135@s.whatsapp.net/0/8/08ec400c-e57b-403e-a0ca-f8fd6b2330f1.jpg
8025	2025-09-30 09:51:48	Farrell	1		Media/13057485135@s.whatsapp.net/f/f/ff34ef2a-f0e0-498c-8b06-d2408caa5561.jpg
7779	2025-09-30 09:51:52	Farrell	1		Media/13057485135@s.whatsapp.net/1/6/164a94a7-18a8-4343-ad80-904cc4a32438.jpg
7874	2025-09-30 09:51:52	Farrell	1		Media/13057485135@s.whatsapp.net/0/e/0eaae4ec-78fc-4858-9ee0-dd5d129de929.jpg
7877	2025-09-30 09:51:53	Farrell	1		Media/13057485135@s.whatsapp.net/f/3/f326f8c9-fd3e-4a51-b00f-aaa3416e3b1f.jpg
7885	2025-09-30 09:52:06	Skylar	0	I know I found the best kit it’s the demon and only like 999	
7948	2025-09-30 09:52:07	Farrell	0	Wish they had this product 3 years ago would of saved me thousands of dollars and headaches	
8020	2025-09-30 09:52:39	Skylar	0	Denim	
7952	2025-09-30 09:52:51	Farrell	0	Will you have the new replacement white kit completed this week in velocity?	
8010	2025-09-30 09:53:04	Skylar	0	They are doing it right now	
7781	2025-09-30 09:53:04	Farrell	0	If you can get a buyer for the white kit I would be interested	
7972	2025-09-30 09:53:33	Farrell	0	Fantastic.  I have a potential buyer that's requesting finished pics	
7899	2025-09-30 09:53:52	Farrell	0	Then want to get on shipping that green on in Colombia to you	
7883	2025-09-30 09:54:53	Farrell	0	I got   title for white one when you ready to list bring a trailer	
7896	2025-09-30 09:55:09	Farrell	0	We must get it up sometime during October	
7767	2025-09-30 09:55:28	Farrell	0	After November we fucked in my opinion	
7823	2025-09-30 09:55:39	Skylar	0	Very few things left I want it done and listing pending mid oct	
7821	2025-09-30 09:55:41	Farrell	0	Real buyers take families on vacation.	
7979	2025-09-30 09:56:00	Farrell	0	That would be ideal and amazing for us all	
8003	2025-09-30 09:56:22	Farrell	0	Did you ever get the bumpers lifted will look a LOT better	
7910	2025-09-30 09:56:27	Skylar	0	I’m going home in a day or two I’ll have 2-3 weeks knock everything out. I have a big shoot on the 20th in st Barth 4 days paid by Eden rock hotel. Would love care props	
7950	2025-09-30 09:56:30	Farrell	0	Eliminate that gao	
7818	2025-09-30 09:57:03	Farrell	0	Don't see how we can get any of them there in time	
7778	2025-09-30 09:57:11	Farrell	0	Need th same of broncos to buy more broncos	
8021	2025-09-30 09:57:28	Farrell	0	Need the money from broncos to buy more broncos	
7804	2025-09-30 09:57:31	Skylar	0	Yeah it’s a bummer. I’m shipping my 32 roadster this week it might be there on the 20th	
7837	2025-09-30 09:58:26	Farrell	0	You have seen how long it's been since I have had a bronco sold. I use to do 15 a year then dropped to nada	
8016	2025-09-30 09:59:51	Skylar	0	It’s nuts but it’s so hard to work and keeping the business going has been shittt. Luckily my dad has a fucking rich girlfriend 🤣	
7927	2025-09-30 10:00:09	Farrell	0	That's why I am soon grateful and appreciate this new friendship and relationship with you. And justin	
8014	2025-09-30 10:00:12	Farrell	0	Jajajaj	
7801	2025-09-30 10:00:35	Farrell	0	No one is reinventing the wheel make a good team and success comes	
7848	2025-09-30 10:01:07	Farrell	0	I'll wire you some money by Thursday	
7786	2025-09-30 10:01:16	Skylar	0	🥹	
7918	2025-09-30 10:01:20	Skylar	0	Much appreciated	
7876	2025-09-30 10:01:27	Farrell	0	Likewise	
7994	2025-09-30 10:02:03	Farrell	0	If we can get back to moving 12 cars a year life is good and fun again	
7764	2025-09-30 10:02:06	Skylar	0	My friend is begging me for cars in st Barth we are gonna do a crazy season I think	
7840	2025-09-30 10:02:10	Skylar	0	It will be fun	
7889	2025-09-30 10:02:14	Skylar	0	Just more expensive	
7951	2025-09-30 10:02:32	Farrell	0	Working in it	
7845	2025-09-30 10:03:15	Skylar	1		Media/13057485135@s.whatsapp.net/6/e/6ec998c1-c7d0-4a5b-b3a9-5c02100ad48d.jpg
7836	2025-09-30 10:03:33	Farrell	0	Sick	
7923	2025-09-30 10:03:44	Farrell	0	If i come across any cool art I'll share never know	
7866	2025-09-30 10:03:49	Skylar	66		
7943	2025-09-30 10:03:50	Skylar	1		Media/13057485135@s.whatsapp.net/4/f/4f1fb1a1-69df-4a42-9447-89e03b9e0ca4.jpg
7760	2025-09-30 10:03:51	Skylar	1		Media/13057485135@s.whatsapp.net/1/1/11b7657e-c8e9-4df8-b12d-5f7541db04eb.jpg
7915	2025-09-30 10:03:51	Skylar	1		Media/13057485135@s.whatsapp.net/b/7/b751cb47-5047-4d27-ae4c-b326cc7e59fd.jpg
7995	2025-09-30 10:03:51	Skylar	1		Media/13057485135@s.whatsapp.net/d/4/d41d8434-7915-4878-b90d-c6462bcebe32.jpg
7790	2025-09-30 10:03:51	Skylar	1		Media/13057485135@s.whatsapp.net/b/f/bf1fc2c4-beaf-4fce-8ebc-f466c7a23e93.jpg
8023	2025-09-30 10:03:51	Skylar	1		Media/13057485135@s.whatsapp.net/e/9/e996128f-aa6e-4692-9926-bd9f79354c11.jpg
7849	2025-09-30 10:03:51	Skylar	1		Media/13057485135@s.whatsapp.net/5/a/5afa0022-381a-45c8-a536-8ad6507cce59.jpg
8013	2025-09-30 10:03:51	Skylar	1		Media/13057485135@s.whatsapp.net/f/0/f08c5f7b-6d1d-423d-bcd2-d7a0c64ece36.jpg
7860	2025-09-30 10:03:51	Skylar	1		Media/13057485135@s.whatsapp.net/2/0/20f631da-6b8f-4f79-825f-12a1c86abd24.jpg
7903	2025-09-30 10:03:51	Skylar	1		Media/13057485135@s.whatsapp.net/b/6/b6d8c43f-a377-41a2-8732-1caa58f7cdf7.jpg
7964	2025-09-30 10:03:52	Skylar	1		Media/13057485135@s.whatsapp.net/f/4/f4b06182-3366-41b0-b14e-f9c2e4fb5b16.jpg
7782	2025-09-30 10:03:52	Skylar	1		Media/13057485135@s.whatsapp.net/a/5/a58d551b-ecda-4a33-a93b-0729345fc631.jpg
7802	2025-09-30 10:03:55	Skylar	0	Boathouse	
7841	2025-09-30 10:04:45	Farrell	0	Do you live there or is that clothing store ?	
7798	2025-09-30 10:05:18	Skylar	0	It’s my friends extra property. It’s a showroom for his girlfriends brand but doing nothing with it	
7771	2025-09-30 10:06:53	Farrell	0	Saweet	
7976	2025-09-30 10:07:26	Farrell	0	I'm gonna check on connecting flights from Panama city I return there December 9th	
7937	2025-09-30 10:08:34	Farrell	66		
7901	2025-09-30 10:08:35	Farrell	1		Media/13057485135@s.whatsapp.net/e/f/ef1f638c-bd34-49b6-898d-295aac2b8e2b.jpg
7890	2025-09-30 10:08:36	Farrell	1		Media/13057485135@s.whatsapp.net/9/4/94d6f3d8-9d41-49d4-9b0c-f3c7ff06b1fd.jpg
7871	2025-09-30 10:08:36	Farrell	2		Media/13057485135@s.whatsapp.net/d/d/ddedea13-9496-404e-bb5c-65f1da13c0d8.mp4
7961	2025-09-30 10:08:37	Farrell	1		Media/13057485135@s.whatsapp.net/1/0/10dc4e62-c5d3-4e56-9d15-56bc1450750d.jpg
7966	2025-09-30 10:08:37	Farrell	1		Media/13057485135@s.whatsapp.net/7/1/71ff3c5a-9859-4f38-b735-5a55a3ce9dff.jpg
7934	2025-09-30 10:08:38	Farrell	1		Media/13057485135@s.whatsapp.net/b/4/b43d9780-be08-4cf2-9677-6ce41d3d49de.jpg
7864	2025-09-30 10:08:43	Farrell	1		Media/13057485135@s.whatsapp.net/4/6/4675ad56-bfeb-4706-87ae-3874f3c1e995.jpg
7968	2025-09-30 10:08:56	Farrell	2		
7978	2025-10-01 11:09:58	Farrell	66		
7929	2025-10-01 11:09:59	Farrell	1		Media/13057485135@s.whatsapp.net/6/5/65f16af1-839c-4552-bee9-62876944bbf0.jpg
7956	2025-10-01 11:09:59	Farrell	1		Media/13057485135@s.whatsapp.net/2/1/21de2687-09fb-4340-9de0-28dd16d29c51.jpg
7881	2025-10-01 11:09:59	Farrell	1		Media/13057485135@s.whatsapp.net/8/f/8f0e3df4-9020-4347-a8ea-34301a0d8e00.jpg
7766	2025-10-01 11:10:00	Farrell	1		Media/13057485135@s.whatsapp.net/8/2/8299cf6e-ca0e-475f-8433-97d8ed8e9c45.jpg
7851	2025-10-01 11:10:00	Farrell	1		Media/13057485135@s.whatsapp.net/6/4/6401d6f3-5cca-4008-b40c-5f4e98c172ad.jpg
8031	2025-10-01 11:10:01	Farrell	1		Media/13057485135@s.whatsapp.net/b/0/b0cc0143-9063-42bb-b73e-cf5f62e71167.jpg
7997	2025-10-01 11:10:01	Farrell	1		Media/13057485135@s.whatsapp.net/1/a/1a5a0bc0-d393-4b9c-9376-42055a0d0ab0.jpg
7827	2025-10-02 07:09:01	Skylar	7	https://www.facebook.com/share/165htbYfT4/?mibextid=wwXIfr	
7930	2025-10-02 07:20:38	Farrell	0	Cool let me do some research	
8062	2025-10-03 09:15:58	Skylar	1		Media/13057485135@s.whatsapp.net/4/3/435721c0-f9a8-4d6e-99eb-cc68e34d0614.jpg
8036	2025-10-03 09:21:31	Farrell	0	Saweet yes been speaking with justin on it gave him an idea for the rear panels .so we can use the old factory. Female plastic fittings	
8081	2025-10-03 09:23:43	Farrell	0	Take the old and the new ones put together to mark old holes and use those mixed kits of screws from Harbour freight the grade 8 1 inch fat cap head Philips. With the large thread to bite into the female fittings	
8060	2025-10-03 09:23:50	Farrell	66		
8061	2025-10-03 09:23:50	Farrell	1		Media/13057485135@s.whatsapp.net/8/d/8df0bdad-42d2-4e85-b88a-485149be71b3.jpg
8039	2025-10-03 09:23:50	Farrell	1		Media/13057485135@s.whatsapp.net/9/4/9451c91c-2be6-4f94-b082-668dec338541.jpg
8064	2025-10-03 09:23:51	Farrell	1		Media/13057485135@s.whatsapp.net/5/e/5e66a519-b492-4590-be36-50bc2365902c.jpg
8041	2025-10-03 09:24:19	Farrell	0	Not these exactly but something. Similar they usually come with 6 to 10 pieces kd a short stubby screw with heavy thread	
8054	2025-10-03 09:24:23	Farrell	0	Just an idea	
8080	2025-10-03 09:24:40	Farrell	0	Taking advantage of what's already there	
8046	2025-10-03 09:25:23	Farrell	0	Thanks for keeping seat covered. Carpet as well it well maybe piece of paper from spray. Booth	
8051	2025-10-03 09:25:36	Farrell	0	That dash needs 409 or fantastic and will clean up	
8055	2025-10-03 09:25:45	Farrell	0	Needs to be cleaned	
8077	2025-10-03 09:26:18	Skylar	0	I did 409 I’ll do it again	
8047	2025-10-03 09:26:54	Farrell	0	Maybe a heavy degresser diluted	
8053	2025-10-03 09:27:19	Farrell	0	Or deleted bleach being very carful of carpet and splatter	
8052	2025-10-03 09:27:31	Farrell	0	Toothpaste ?	
8059	2025-10-03 09:28:38	Farrell	1		Media/13057485135@s.whatsapp.net/5/a/5ae4cec1-b630-413f-9227-9fe454d75f8e.jpg
8076	2025-10-03 09:30:13	Farrell	1		Media/13057485135@s.whatsapp.net/3/3/3359af66-3298-4d2a-9e0c-0b33dab78d43.jpg
8058	2025-10-03 09:49:14	Farrell	1		Media/13057485135@s.whatsapp.net/9/4/94353956-6949-49d3-b2b1-46bde3da819c.jpg
8042	2025-10-03 10:12:30	Farrell	66		
8075	2025-10-03 10:12:31	Farrell	1		Media/13057485135@s.whatsapp.net/3/8/3851cd96-3691-4a31-b95c-7e68908bcb4b.jpg
8050	2025-10-03 10:12:31	Farrell	1		Media/13057485135@s.whatsapp.net/5/3/53a8b337-4364-4c14-bb04-3d11939e841a.jpg
8072	2025-10-03 10:12:32	Farrell	1		Media/13057485135@s.whatsapp.net/9/2/929d4534-4b6d-4a5a-bfb0-b228582ca74d.jpg
8067	2025-10-03 10:12:32	Farrell	1		Media/13057485135@s.whatsapp.net/c/a/ca389d6f-79f1-40c4-b041-f9e176eee8aa.jpg
8110	2025-10-03 14:06:23	Farrell	0	Hi bro , FYI I have my big Car wash portfolio owner in town ( Vegas) I've showed Him my broncos hopefully he will stop by this weekend to take a look.  I'll send you plenty of notice if he wants to come see them please allo him to have access to see and how they will be getting finished .we will avoid mentioned Grey one just had a bunch of bodywork.  Could use a sale bigtime .	
8086	2025-10-03 14:06:41	Farrell	0	He's got major money . Like $22m a year	
8116	2025-10-03 15:09:35	Skylar	0	Amazing so let’s aim to make a sale	
8173	2025-10-03 15:32:50	Skylar	66		
8161	2025-10-03 15:32:51	Skylar	1		Media/13057485135@s.whatsapp.net/f/3/f3ec7dcc-1d66-406c-a2c9-d6adba9ef175.jpg
8162	2025-10-03 15:32:51	Skylar	1		Media/13057485135@s.whatsapp.net/a/2/a276db4f-ebc5-4994-ac8c-d88b572aaa14.jpg
8159	2025-10-03 15:32:55	Skylar	1		Media/13057485135@s.whatsapp.net/6/0/60e54a76-773b-4f14-8ed2-ce873890a871.jpg
8164	2025-10-03 15:32:56	Skylar	1		Media/13057485135@s.whatsapp.net/c/b/cb31f25d-bebf-4669-a86e-1fca2f812880.jpg
8149	2025-10-03 15:33:56	Skylar	1		Media/13057485135@s.whatsapp.net/3/7/37383fed-7183-4c56-8265-e12a92ecacc0.jpg
8180	2025-10-03 15:34:09	Skylar	0	Three different colors not optimal	
8136	2025-10-03 15:45:17	Farrell	0	That's fucked  it's all from toms .got to go with them.	
8157	2025-10-03 15:45:32	Farrell	0	It will work	
8182	2025-10-03 15:45:49	Farrell	0	How does the dash and center console look ?	
8166	2025-10-03 15:46:01	Farrell	0	Are they not matching as well or are they white	
8168	2025-10-03 15:46:32	Farrell	0	Only other options is to paint the steel door panels Wimbledon white	
8142	2025-10-03 15:46:40	Farrell	0	What are the rears ?	
8134	2025-10-03 15:47:03	Farrell	0	I'll check with toms calling them now	
8140	2025-10-03 15:47:14	Skylar	0	The buyer will need to fork over 10k to get a nice interior that’s all	
8169	2025-10-03 15:47:29	Skylar	0	I’ve been concerned a lot with the interiors	
8152	2025-10-03 15:47:50	Skylar	0	Luckily I have a super high end Bronco interior being produced this next two weeks	
8144	2025-10-03 15:48:12	Farrell	0	I still can't believe that we could not salvage the original interior that being said to review it with material included should not run me more then 4k	
8176	2025-10-03 15:48:59	Farrell	0	I've done over 50 interiors in my past. I usually supply the material and those interior to recover my chosen material like the white bronco	
8181	2025-10-03 15:49:23	Skylar	0	Yeah well you will see the most beautiful interior ever in the next week or two	
8175	2025-10-03 15:49:30	Skylar	0	🤓	
8148	2025-10-03 15:49:42	Farrell	0	Nice what the design?	
8145	2025-10-03 15:50:00	Skylar	0	The material cost was insane. $2100	
8179	2025-10-03 15:50:05	Farrell	0	The diamond stitched like I have now are played out and old need to be different pattern	
8147	2025-10-03 15:50:13	Farrell	0	Yes that's alot	
8141	2025-10-03 15:50:20	Farrell	0	What bronco are you putting them on?	
8158	2025-10-03 15:50:27	Skylar	1		Media/13057485135@s.whatsapp.net/a/0/a0b3c980-85df-4d65-9ba0-4136e60247f0.jpg
8160	2025-10-03 15:50:41	Farrell	0	Cool	
8150	2025-10-03 15:50:54	Skylar	0	The guy who is buying the tan bronco commissioned an interior	
8178	2025-10-03 15:51:03	Farrell	0	Unfortunately hard to appreciate in photos  uf it's for a client who got to see it then great	
8165	2025-10-03 15:51:13	Farrell	0	Dale ?	
8151	2025-10-03 15:51:19	Skylar	0	Yep	
8153	2025-10-03 15:51:27	Skylar	0	Justin said you helped with the deal	
8163	2025-10-03 15:51:44	Farrell	0	I sold it for him yes	
8135	2025-10-03 15:52:05	Farrell	0	I can sell	
8155	2025-10-03 15:52:13	Skylar	0	And I can upsell	
8172	2025-10-03 15:52:17	Skylar	0	😜	
8171	2025-10-03 15:52:20	Farrell	0	Nice	
8143	2025-10-03 15:52:53	Skylar	0	But honestly barely enough. The only benefit is that we will have proof we can do super nice interiors	
8137	2025-10-03 15:53:00	Farrell	0	So if my guy comes to look at my two if he has issue with interior we will solve and we can tell him the doors are temporary that supplier sent wrong panels	
8139	2025-10-03 15:53:07	Skylar	0	He’s basically getting a 15k interior for 10k	
8154	2025-10-03 15:53:19	Skylar	0	Exactly I think the timing will be spot on	
8183	2025-10-03 15:53:44	Skylar	1		Media/13057485135@s.whatsapp.net/a/4/a440af05-6832-4587-97a5-f0cadac71e4a.jpg
8138	2025-10-03 15:53:47	Skylar	1		Media/13057485135@s.whatsapp.net/3/9/3927fc25-16bb-4fd7-bb21-dfcc709b7ebb.jpg
8146	2025-10-03 15:53:50	Farrell	0	Fuck those door panels are cheap as well I know this but I thought atleast they matched	
8174	2025-10-03 15:53:52	Skylar	0	This was an extra 1200	
8156	2025-10-03 15:54:06	Skylar	0	No they don’t match	
8195	2025-10-03 15:54:08	Farrell	0	What am I looking at ?	
8197	2025-10-03 15:54:17	Skylar	0	Just the hole in the hard top	
8207	2025-10-03 15:54:24	Farrell	0	Oh cool	
8210	2025-10-03 15:54:40	Skylar	0	I think it’s good we now have a working example and we can sell the service or the whole top	
8202	2025-10-03 15:54:52	Farrell	0	Yes agreed	
8203	2025-10-03 15:55:01	Farrell	0	Specially showing three nice broncos at once	
8209	2025-10-03 15:55:30	Skylar	0	Yeah that’s why if all three were tip top the guy would buy. Maybe just a hunch	
8199	2025-10-03 15:55:55	Skylar	0	They are only lacking interior but we will solve that soon	
8192	2025-10-03 15:56:01	Farrell	0	You should Pic some cool music and do some instragram story walk thru passing and showing all three broncos.  Then share with me we can post	
8214	2025-10-03 15:56:06	Farrell	0	I'll send an example	
8215	2025-10-03 15:56:49	Farrell	66		
8193	2025-10-03 15:56:49	Farrell	2		Media/13057485135@s.whatsapp.net/9/a/9af260af-99f8-4241-8aa0-cce21c987276.mp4
8194	2025-10-03 15:56:51	Farrell	2		Media/13057485135@s.whatsapp.net/5/6/56cd88aa-f39b-4378-b97e-bec57fce1f1d.mp4
8213	2025-10-03 15:56:54	Farrell	2		
8211	2025-10-03 15:57:00	Farrell	2		
8198	2025-10-03 15:57:30	Farrell	0	Well fingers crossed 🤞  Don will buy one of mine now. Then we can kill the other one on Bring a trailer. Poppa ready for a pay check	
8185	2025-10-03 15:57:53	Farrell	0	Then I complete purchase on the one in Colombia and get it to you and start flipping more often	
8220	2025-10-03 15:59:05	Farrell	0	Don young guys own that property or rent it ?	
8191	2025-10-03 15:59:09	Farrell	0	Do	
8208	2025-10-03 16:02:41	Farrell	0	Toms is closed	
8201	2025-10-03 16:02:43	Farrell	0	Fuxk	
8316	2025-10-03 16:03:00	Farrell	59		
8340	2025-10-03 16:04:09	Farrell	3		Media/13057485135@s.whatsapp.net/a/a/aa74a7c7-f574-4512-903f-9d1a770c5b17.opus
8379	2025-10-03 16:21:59	Farrell	1		Media/13057485135@s.whatsapp.net/a/9/a9e725ac-2d95-499e-9548-acc8b5d4f55d.jpg
8382	2025-10-03 16:32:46	Farrell	59		
8364	2025-10-03 17:36:52	Farrell	0	We are definitely coming to St Barts  my wife has been a few times. Plus she is EU Belgium citizen, so it's easy for her to come. Not to mentions she has worked most of her life i brand ambassador for luxury brands and loves to work.  I retired her four years ago, but she is getting  bored and loves to hustle and make money so it's a great fit. Follow the money right. So I get what you're saying .   Will be there by next year 💯	
8357	2025-10-04 06:32:51	Farrell	66		
8359	2025-10-04 06:32:51	Farrell	1		Media/13057485135@s.whatsapp.net/6/5/65744109-97f2-4963-aef6-4bea6fb3838c.jpg
8356	2025-10-04 06:32:51	Farrell	1		Media/13057485135@s.whatsapp.net/b/0/b0fee847-c23a-4052-94f0-74d82be24bf7.jpg
8349	2025-10-04 06:32:52	Farrell	1		Media/13057485135@s.whatsapp.net/1/6/16da179f-1bb2-4f1f-be4f-8b60448083a5.jpg
8378	2025-10-04 06:32:52	Farrell	1		Media/13057485135@s.whatsapp.net/e/a/ea43b13c-3443-4044-8105-101f40998a48.jpg
8348	2025-10-04 06:32:53	Farrell	1		Media/13057485135@s.whatsapp.net/4/b/4b8bd60c-2fd6-4f22-a916-7fb026ed4dfb.jpg
8368	2025-10-04 06:36:29	Farrell	1		Media/13057485135@s.whatsapp.net/c/6/c6a22956-20ee-4b1e-988f-63fe1189f9b8.jpg
8363	2025-10-05 09:55:51	Skylar	0	We own the 707 yucca property. 

We rent the second property and have the option to buy if we want to	
8375	2025-10-05 09:56:07	Skylar	0	I’m cleaning up the shop a ton today	
8346	2025-10-05 11:50:18	Skylar	1		Media/13057485135@s.whatsapp.net/f/1/f1387126-d9cc-43f1-af79-86ff8308d7c0.jpg
8344	2025-10-05 12:16:26	Farrell	0	Guy never called to come in	
8352	2025-10-05 12:16:57	Farrell	0	Cool what's up with the light pics	
8374	2025-10-05 12:17:06	Skylar	0	Upside down	
8369	2025-10-05 12:17:27	Farrell	0	Don went to a concert rufusdel sol last night so figure hw chilling today maybe he comes tomorrow	
8341	2025-10-05 12:17:41	Skylar	0	Cool	
8365	2025-10-05 12:17:55	Skylar	0	I’m prepping the two vehicles and the showroom	
8367	2025-10-05 12:18:27	Farrell	0	Lol. Bodyshop did it . People don't care silly. I can tell you sometimes  because of the balis in the back it won't fit in th cup. Is the other side the same way or just the one	
8355	2025-10-05 12:18:34	Farrell	0	Fuck yeah	
8381	2025-10-05 12:18:53	Farrell	0	Get me a video walk thru when it's done so I may share	
8377	2025-10-05 12:20:42	Skylar	0	I’m getting the two video ready. Let’s hope in a few hours I have some video footage for you.	
8372	2025-10-05 12:21:06	Farrell	0	Looking forward to it	
8361	2025-10-05 12:22:53	Farrell	0	Kickassclassics  Bronco sound check.  Sweet to my ears

#classicfordbronco #fordnation #instagood #thefarrellshow #fordbronco #modifiedcars #customorder #modified #awesome #horsepower #blue #badass #forsale #builder #follow4followback #followtrain #followforfollowback
                 https://www.instagram.com/p/B3z-zuIJJOw/?igsh=ZWt6bjh5M216Z3Fu	
8360	2025-10-06 07:12:10	Farrell	0	Good morning  Sky, I may have a quick fix for the interior. Did some research and there appears to be deluxe  parchment door panels ( the ones we have )  and Solid parchment  available that hard to tell from the pics . Seats are premium parchment.  Crazy. So waiting fir there office for open to find a quick fix	
8353	2025-10-06 07:12:41	Farrell	0	Maybe you came confirm on the bucket seat box. I'm guessing they say premium parchment	
8350	2025-10-06 08:19:08	Farrell	0	Got 5 yards of matching material being shipped as we speak. No other solutions to match. It's enough to do feotn and rear panels and dash pad	
8373	2025-10-06 08:19:20	Farrell	0	Shipped to wells road	
8370	2025-10-06 08:19:28	Skylar	0	Yep that’s what I thought recover is best option	
8383	2025-10-06 08:20:04	Farrell	0	They are making a solution for this crap.  Seats and doors are being manufactured by two different sources is their claim	
8387	2025-10-06 12:29:32	Skylar	0	Do you have any contacts in west palm beach I have a car problem	
8412	2025-10-06 16:17:01	Farrell	0	Sorry for late response.  Possible. What's the issue ?	
8413	2025-10-06 16:17:10	Farrell	0	Just seeing the text	
8414	2025-10-06 16:17:55	Skylar	0	Insufficient paperwork and I need to drop the car off anywhere 100% secure near west palm beach or Miami	
8417	2025-10-06 16:18:00	Skylar	0	It’s a 100k car.	
8416	2025-10-06 16:18:11	Skylar	0	My partner didn’t send the paperwork to the port ….	
8415	2025-10-06 16:18:29	Farrell	0	How long? What's the car ?	
8418	2025-10-06 16:19:13	Farrell	0	I have a shop I can possibly get it to.  The problem is does it become a Liability for them if it gets scratched	
8419	2025-10-06 16:19:30	Farrell	0	It's a bodyshop they do $1 million a month so very busy	
8420	2025-10-06 16:19:40	Farrell	0	I know the owner	
8422	2025-10-06 16:22:18	Skylar	1		Media/13057485135@s.whatsapp.net/1/b/1b0b927c-45b4-4251-ad85-9f6691dbc989.jpg
8421	2025-10-06 16:22:20	Skylar	1		Media/13057485135@s.whatsapp.net/6/f/6f75bbe0-95a0-49aa-b3fe-4d00b72988d9.jpg
8423	2025-10-06 16:24:03	Farrell	0	The bottom 1937 roadster?	
8424	2025-10-06 16:24:48	Farrell	0	Or taycan?	
8425	2025-10-06 16:25:12	Skylar	0	The roadster	
8428	2025-10-06 16:26:25	Farrell	0	How long does it need to stay ? 

By the way mo offense who ever paid $100 k got took. I had one before	
8429	2025-10-06 16:26:54	Farrell	66		
8426	2025-10-06 16:26:54	Farrell	1		Media/13057485135@s.whatsapp.net/8/3/833d3c66-224a-4e6f-b3e4-afc1f076898d.jpg
8427	2025-10-06 16:26:55	Farrell	1		Media/13057485135@s.whatsapp.net/c/b/cbc0634f-04d1-4bd1-9ad8-eccdb728b121.jpg
8430	2025-10-06 16:28:02	Farrell	0	Not even half. Of that. I wish . Got mine for $29k and sold for $37 and was very difficult to sell . I did think when I bought it was worth $75k. But could never get anything close	
8431	2025-10-06 16:28:51	Farrell	0	Why did they stretch the tank out like that?. Sending it to St barts ?	
8432	2025-10-06 16:29:58	Skylar	0	It’s not what’s on the outside that makes it $$$	
8434	2025-10-06 16:33:30	Farrell	0	Gotcha .	
8437	2025-10-06 16:33:56	Farrell	0	So you and your partner bought it to ship to St barts ?	
8438	2025-10-06 16:34:05	Farrell	0	Sorry for being nosey	
8439	2025-10-06 16:34:16	Skylar	0	Want to call me?	
8440	2025-10-06 16:34:20	Farrell	59		
8442	2025-10-06 16:35:08	Farrell	1		Media/13057485135@s.whatsapp.net/3/2/3267a8a4-8990-4c24-bbf3-d66c1772dbc9.jpg
8441	2025-10-06 16:35:14	Farrell	1		Media/13057485135@s.whatsapp.net/5/e/5ef959ac-50e8-4e06-a327-d4d1eab33516.jpg
8444	2025-10-06 17:03:40	Farrell	7	1971 chevy suburban for sale by owner - Littleton, CO - craigslist https://share.google/9u70HuavtcMcHaR33	
8445	2025-10-06 17:14:00	Farrell	0	1970 Citroen Mehari for sale by owner - Torrance, CA - craigslist https://share.google/mHei9Tfe7K5gag8N8	
8447	2025-10-06 17:33:25	Skylar	0	Loveeeee	
8446	2025-10-06 17:33:40	Skylar	0	I saw the méharis	
8448	2025-10-06 17:34:26	Farrell	0	Cool for ev conversions	
8603	2025-10-09 06:39:17	Farrell	0	Good morning bro, what ever happened with your Ford in palm Beach?	
8604	2025-10-09 06:40:04	Farrell	0	Toms matching material is out for delivery today. If we can get your guy on those door panels swiftly would be greatly appreciated pretty easy to recover and match the stitching lines with seats	
8606	2025-10-09 06:40:46	Farrell	0	Also have you gotten the white one bumpers re adjusted with both 1 inch tubing on top of frame rails to raise them and absorb the gaps from body lift?	
8605	2025-10-09 06:41:04	Farrell	0	Need some photos with this so I can send to potential buyer .	
8607	2025-10-09 06:41:54	Farrell	0	We got to get these pictured of completed esthetically atleast to get on the marketing side. 🙄 Please we can not will into November with thanks giving and Christmas	
8608	2025-10-09 06:42:20	Farrell	0	Pics and marketing then we can complete the tuning on the white one while it's being marketed	
8609	2025-10-09 06:43:00	Farrell	0	Need exterior pics of white with bumpers adjusted and new interior pics showing dash and badass center console and start button on consol	
8610	2025-10-09 06:46:34	Skylar	1		Media/13057485135@s.whatsapp.net/e/e/eeff6c7b-f330-48df-95ed-413e0d0a7264.jpg
8613	2025-10-09 06:47:35	Skylar	1		Media/13057485135@s.whatsapp.net/3/d/3d2a722d-4292-4e79-8e17-0ff97a8e53c5.jpg
8619	2025-10-09 06:47:37	Skylar	1		Media/13057485135@s.whatsapp.net/7/c/7c856233-dff7-450a-89d7-bbcc5070f672.jpg
8615	2025-10-09 06:48:59	Skylar	66		
8627	2025-10-09 06:49:00	Skylar	1		Media/13057485135@s.whatsapp.net/2/3/236024dd-95ff-4001-8e71-0e541f47d613.jpg
8624	2025-10-09 06:49:01	Skylar	1		Media/13057485135@s.whatsapp.net/0/1/01b792f0-2f05-499a-a0cc-a125c80f646f.jpg
8620	2025-10-09 06:49:01	Skylar	1		Media/13057485135@s.whatsapp.net/f/9/f9ae5b16-57c6-4217-86d3-47ecafe6545f.jpg
8636	2025-10-09 06:49:01	Skylar	1		Media/13057485135@s.whatsapp.net/8/5/85ab0262-233d-4b63-98e4-726f8cd9ae40.jpg
8631	2025-10-09 06:49:04	Skylar	1		Media/13057485135@s.whatsapp.net/6/7/671bd17f-d853-408f-913b-bd199a176089.jpg
8616	2025-10-09 06:49:10	Skylar	1		Media/13057485135@s.whatsapp.net/1/4/143ca7d3-e0a7-405e-a87d-fa2fe4252f3f.jpg
8628	2025-10-09 06:49:10	Skylar	1		Media/13057485135@s.whatsapp.net/b/4/b43627a5-03ee-4e74-bef9-3bdaea71bf63.jpg
8625	2025-10-09 06:49:10	Skylar	1		Media/13057485135@s.whatsapp.net/a/f/af7b172d-651b-4ca4-bb54-09351ead2fd9.jpg
8634	2025-10-09 06:54:02	Farrell	0	I see . Fine tuning fitting ugg	
8614	2025-10-09 06:54:21	Skylar	0	The hold up is the tailgate. Needs paint. Been too busy haven’t had time yet to squeeze it into the booth. 
I need to press out the steel sleeve to install the rear shocks. I had to cut down the front ones. None we direct fit. 
Still need the steering column to dash cover. I want a billet one 
I put on the hood braces. 

Does the carpet need those hold down strips? Do you put the carpet under the roll bar? Need nice bolts. Need a bolt kit from amazon grade 8	
8633	2025-10-09 06:54:50	Skylar	0	But I’ve been trying. I think today we can get the tailgate painted	
8618	2025-10-09 06:55:20	Farrell	0	We cut the carpet single cut to go around the roll cage. Roll cage is designed morning direct to floor	
8623	2025-10-09 06:55:31	Skylar	0	Then once we get the material for side panels I’m gonna redo both sets rear panels	
8617	2025-10-09 06:55:41	Farrell	0	It will mess up roof and door alignment if carpet goes underneath	
8632	2025-10-09 06:55:50	Farrell	0	Yes	
8621	2025-10-09 06:56:20	Farrell	0	Senk amazing link for what bolts you need and I will order and send	
8635	2025-10-09 06:56:38	Farrell	0	Today is Amazon prime day so gold day for it	
8630	2025-10-09 06:57:14	Farrell	0	I ordered the column cover it has not come in yet ?	
8611	2025-10-09 06:57:33	Farrell	0	What company did i get that from toms or wild horses should of been on one of the invoices	
8612	2025-10-09 06:57:38	Farrell	0	I'll track it	
8622	2025-10-09 06:57:39	Skylar	0	Check tracking I haven’t seen it. Maybe it’s in the mailbox	
8629	2025-10-09 06:57:54	Farrell	0	Forgot where I ordered from let me look	
8626	2025-10-09 06:58:32	Farrell	0	Material says put for delivery	
8637	2025-10-09 06:59:10	Farrell	0	Society environments made that decades to expelled those ambitions in removing its proxies, all that that creates now growth maneuver, a safety, Syria and badly attores human experience. So I'm certain the President has been forestry with what Turkey wants to achieve in Syrian and what other ways than Tom you mentioned it. Were 4 months today from when he's right now.	
8638	2025-10-09 06:59:20	Farrell	0	Sorry voice listening to news	
8639	2025-10-09 06:59:22	Farrell	0	Jajajaj	
8640	2025-10-09 07:02:46	Farrell	1		Media/13057485135@s.whatsapp.net/2/d/2d4ab4fb-2d11-4675-88b5-27ad6f831e6d.jpg
8641	2025-10-09 07:02:47	Farrell	1		Media/13057485135@s.whatsapp.net/f/e/fe2dd5a5-b5e2-42fc-b0eb-840ede6de875.jpg
8642	2025-10-09 07:03:58	Farrell	1		Media/13057485135@s.whatsapp.net/d/4/d4be35c3-705e-4e6e-a02e-7cc0167d727f.jpg
8644	2025-10-09 08:04:39	Farrell	0	Best time to finish interior install is with that tailgate off	
8643	2025-10-09 08:04:49	Farrell	0	Side panels rear seat and seat belts	
8645	2025-10-09 08:04:55	Farrell	0	Got to get her wrapped up	
8646	2025-10-09 08:05:26	Farrell	0	I need a payday my accounts are hurting  bad 🥹	
8647	2025-10-09 08:05:59	Farrell	0	Definitely have to stay on target with getting market by end of this month so 15 days ish	
8648	2025-10-09 08:06:11	Farrell	0	Please and need it before you leave again	
8649	2025-10-09 08:11:04	Farrell	0	Do you have all the mounting brackets for the rear seat on white one ? I had them there before I believe	
8650	2025-10-09 08:15:10	Skylar	0	I don’t know about the rear mounting brackets can you send me images	
8651	2025-10-09 08:23:14	Farrell	1		Media/13057485135@s.whatsapp.net/e/1/e1a53377-aa2e-4769-9ff8-688c4bb7b124.jpg
8652	2025-10-09 08:23:27	Farrell	0	Working on one of these down here. A 1980	
8653	2025-10-09 08:23:29	Skylar	0	Love	
8654	2025-10-09 08:23:39	Farrell	0	Yes agreed	
8655	2025-10-09 08:23:43	Skylar	0	Big hit in st Barth	
8656	2025-10-09 08:23:58	Farrell	0	Just started speaking with the guy	
8658	2025-10-09 08:24:16	Farrell	0	Could you pre-sale or atleast get a confirmation for a buyer on this	
8657	2025-10-09 08:24:45	Farrell	0	I'll get all the details	
8659	2025-10-09 08:24:59	Skylar	0	I wonder what the shipping would be	
8660	2025-10-09 08:26:01	Farrell	0	I'll check similar to us 2 to 4 k	
8663	2025-10-09 08:26:32	Farrell	0	Would be cool to ship one of these and a small citron convertible	
8662	2025-10-09 08:26:35	Farrell	0	I sent earlier	
8666	2025-10-09 08:27:16	Farrell	0	Understand once it's on the island it's stuck in have no control meaning if a buyer doesn't produce what do I do	
8665	2025-10-09 08:27:41	Farrell	0	That's why in the beginning really needs to be  pre sold	
8661	2025-10-09 08:27:41	Skylar	1		Media/13057485135@s.whatsapp.net/3/0/30b61abe-4181-4602-b4b8-4274da7f603c.jpg
8664	2025-10-09 08:27:42	Skylar	1		Media/13057485135@s.whatsapp.net/2/1/211b3d62-eda8-4819-84a4-a6644f7ab537.jpg
8667	2025-10-09 08:27:50	Farrell	0	Fuck yeah	
8668	2025-10-09 08:28:08	Farrell	0	Fits like a glove. 2" 1/4 diameter	
8669	2025-10-09 08:28:16	Skylar	0	It’s nice	
8671	2025-10-09 08:28:55	Farrell	0	Between Vegas,  California and Saint Bart and my world traveling picking up diamonds we should start making some good money flipping cars	
8676	2025-10-09 08:29:01	Skylar	1		Media/13057485135@s.whatsapp.net/c/1/c1a4a705-a2b2-4fc2-af3a-9b758237f332.jpg
8675	2025-10-09 08:29:02	Skylar	1		Media/13057485135@s.whatsapp.net/a/a/aa2d41c1-727a-4fd1-b60b-426aa453e992.jpg
8672	2025-10-09 08:29:08	Farrell	0	I can gamble on something once I can close those two broncos	
8670	2025-10-09 08:29:19	Skylar	0	I get it	
8677	2025-10-09 08:29:34	Skylar	0	These little shits are what’s holding us up	
8674	2025-10-09 08:29:43	Farrell	0	What am I looking at ? Shock metal mount ring is too small diameter for	
8673	2025-10-09 08:29:57	Skylar	0	Yeah but it just needs to be removed	
8678	2025-10-09 08:30:07	Farrell	0	Remember there really is not alot of pressure on a shock just stops the bounce	
8679	2025-10-09 08:30:36	Farrell	0	Put some lube and stuff it on	
8680	2025-10-09 08:30:36	Skylar	1		Media/13057485135@s.whatsapp.net/a/f/af11305e-3f9c-4553-9d27-e0011d607256.jpg
8681	2025-10-09 08:30:38	Skylar	1		Media/13057485135@s.whatsapp.net/e/2/e20544fc-eea4-470d-b6c6-3847c120fe60.jpg
8684	2025-10-09 08:30:55	Skylar	0	Need bolts for top  will measure	
8688	2025-10-09 08:30:59	Farrell	0	Nice but must have a boot	
8683	2025-10-09 08:31:01	Farrell	0	Red or black	
8686	2025-10-09 08:31:16	Farrell	0	Oriellys has them or I can order Amazon with bolts TODAy	
8685	2025-10-09 08:31:19	Skylar	0	Yeah I’ve got the boot I’ll get it on I was happy it fit	
8687	2025-10-09 08:31:34	Farrell	0	Sweet	
8682	2025-10-09 08:32:21	Farrell	0	I usually like stainless bilstien  with separate reservoir but I looked at gaps with those tires and could not see them so went with those for 1/4 of the cost	
8689	2025-10-09 08:32:41	Skylar	0	Yeah I’m hoping the rears won’t be a pain they better fit	
8690	2025-10-09 08:35:26	Farrell	0	I wish fj43s and range rover Santana/ defenders were more desirable i can source those easy in Colombia	
8691	2025-10-09 08:35:38	Farrell	0	They don't carry the heavy shipping cost	
8694	2025-10-09 08:40:10	Skylar	1		Media/13057485135@s.whatsapp.net/f/7/f7700e1f-348a-4df9-b4b2-73b18c6ee0ef.jpg
8695	2025-10-09 08:40:11	Skylar	1		Media/13057485135@s.whatsapp.net/c/7/c7e4987c-1d18-4726-96ff-4a53387bf58f.jpg
8696	2025-10-09 08:40:19	Skylar	1		Media/13057485135@s.whatsapp.net/5/9/59d19a3c-4334-4f3d-8485-6e061654a248.jpg
8697	2025-10-09 08:40:21	Skylar	1		Media/13057485135@s.whatsapp.net/9/7/97e5a042-68e0-4b2e-9e9b-274bb5975643.jpg
8698	2025-10-09 08:40:28	Skylar	1		Media/13057485135@s.whatsapp.net/3/0/302ae7b7-da02-4072-8a06-a2556768745b.jpg
8699	2025-10-09 08:40:29	Skylar	1		Media/13057485135@s.whatsapp.net/f/a/faa93b3b-357b-4104-b1fa-6f81992cfb10.jpg
8700	2025-10-09 08:40:43	Skylar	0	If we can get these struts for the white one	
8702	2025-10-09 08:41:15	Farrell	0	Do you mean for the hood?	
8703	2025-10-09 08:42:52	Skylar	0	Yeah the hood is smooth on the velocity. The hood on the white the struts are the wrong weight rating	
8707	2025-10-09 08:43:46	Skylar	0	Not a huge deal for now though	
8706	2025-10-09 08:43:51	Farrell	0	They are specific for broncos the only ones from toms that are offered ( this doesn't make them perfect)  the only option would be to run that number to oriellys and see if it's a match	
8704	2025-10-09 08:43:56	Farrell	0	They are universal	
8705	2025-10-09 08:44:20	Skylar	0	Not really. There’s different pound ratings	
8708	2025-10-09 08:45:03	Farrell	0	Yes agreed I am suggesting take number to orelleiys to cross reference they have tons available just need the matching weight	
8709	2025-10-09 08:45:05	Farrell	0	And length	
8711	2025-10-09 08:45:30	Skylar	0	Oh right that’s correct I get what you’re saying	
8712	2025-10-09 08:46:59	Farrell	0	The number pops up alot but best would be to remove one and take to orielly  for a match	
8710	2025-10-09 08:47:06	Farrell	0	Later as you said	
8713	2025-10-09 08:58:12	Skylar	1		Media/13057485135@s.whatsapp.net/9/e/9e675000-54d1-4305-b906-5566ae636f5d.jpg
8714	2025-10-09 08:58:13	Skylar	1		Media/13057485135@s.whatsapp.net/4/d/4d47bc5c-2f36-47d3-b1a3-dcaad5be1162.jpg
8715	2025-10-09 08:58:32	Skylar	0	We need wipers for the white one	
8718	2025-10-09 09:04:40	Farrell	0	Ok	
8727	2025-10-09 09:04:50	Farrell	0	I should have a set with justin somewhere	
8735	2025-10-09 09:04:59	Farrell	0	I'll ask him	
8730	2025-10-09 09:05:11	Farrell	0	Won't effect photos	
8726	2025-10-09 09:05:35	Farrell	0	I think it went to order last time and they were back ordered	
8722	2025-10-09 09:05:58	Farrell	66		
8732	2025-10-09 09:05:59	Farrell	1		Media/13057485135@s.whatsapp.net/7/a/7aad74b6-1122-4038-9dd0-c38fe8048989.jpg
8734	2025-10-09 09:05:59	Farrell	1		Media/13057485135@s.whatsapp.net/a/c/ac6ac6e5-06be-468f-8f61-0368d6040c9f.jpg
8729	2025-10-09 09:06:00	Farrell	1		Media/13057485135@s.whatsapp.net/8/4/843c4be8-15dc-43af-953c-699653515217.jpg
8724	2025-10-09 09:06:00	Farrell	1		Media/13057485135@s.whatsapp.net/6/b/6bbc0d95-4ee1-4bbd-b80a-49e98b0d0ce5.jpg
8723	2025-10-09 09:06:01	Farrell	1		Media/13057485135@s.whatsapp.net/6/d/6d0cd2de-fba7-46fa-8133-287243495506.jpg
8728	2025-10-09 09:06:01	Farrell	1		Media/13057485135@s.whatsapp.net/a/d/ad3ebc54-bb2e-46cc-9ac8-708b6b02727a.jpg
8733	2025-10-09 09:06:02	Farrell	1		Media/13057485135@s.whatsapp.net/d/6/d6bd7d4e-aec5-4966-82f0-3ac18954a5bf.jpg
8719	2025-10-09 09:06:02	Farrell	1		Media/13057485135@s.whatsapp.net/d/e/de9d684e-5e62-4fec-b64d-29b8de6a253c.jpg
8721	2025-10-09 09:06:03	Farrell	1		Media/13057485135@s.whatsapp.net/9/7/97042296-763f-4dc8-872c-50d69ab12b01.jpg
8720	2025-10-09 09:06:03	Farrell	1		Media/13057485135@s.whatsapp.net/1/c/1c27ebf6-49f7-4ff1-9bf1-6d328ef127b4.jpg
8731	2025-10-09 09:06:04	Farrell	1		Media/13057485135@s.whatsapp.net/b/5/b5b82a26-3af1-48f4-b8e9-98d239966c04.jpg
8725	2025-10-09 09:06:04	Farrell	1		Media/13057485135@s.whatsapp.net/2/1/2112c285-57b8-4dc0-9c7c-ef55449db101.jpg
8749	2025-10-09 09:39:33	Farrell	0	bugatti type 35B	
8745	2025-10-09 09:39:33	Farrell	66		
8747	2025-10-09 09:39:33	Farrell	66		
8751	2025-10-09 09:39:34	Farrell	0	8cyl 2.3 supercharged	
8746	2025-10-09 09:39:34	Farrell	7	https://bringatrailer.com/listing/1927-bugatti-type-35b-by-pur-sang/	
8748	2025-10-09 09:39:35	Farrell	1		Media/13057485135@s.whatsapp.net/2/b/2bf3e4b6-5c99-49b7-b844-451618426243.jpg
8743	2025-10-09 09:39:35	Farrell	1		Media/13057485135@s.whatsapp.net/8/b/8bf669fc-e14d-4527-98cd-51e714dbf78e.jpg
8744	2025-10-09 09:39:35	Farrell	1		Media/13057485135@s.whatsapp.net/7/8/78a68b40-8cc3-4576-bdce-5ec2bf30d164.jpg
8750	2025-10-09 09:39:36	Farrell	2		Media/13057485135@s.whatsapp.net/7/0/7046e632-dc4f-4feb-9b2a-8479862567eb.mp4
8753	2025-10-09 09:46:57	Farrell	0	Talk about luck going to a killer show here this weekend	
8752	2025-10-09 09:47:01	Farrell	1		Media/13057485135@s.whatsapp.net/a/f/af4bac1d-16ac-4b62-93a9-10c4d696aa29.jpg
8754	2025-10-09 09:47:02	Farrell	1		Media/13057485135@s.whatsapp.net/b/a/ba1c5075-c823-4f1c-8cea-3e323baded13.jpg
8755	2025-10-09 09:48:23	Skylar	0	We had those cars in st Barth	
8756	2025-10-09 09:49:52	Farrell	0	The guy with the g wagon has it we can list on bring a trailer for sale for a percentage.  I am going to this classic car show over the weekend will make ALOT of connections definitely need to get those trucks sold so we can buy some more for flipping	
8758	2025-10-09 09:50:22	Farrell	0	Guy wants alot for this white benz. I found another on on side of road trying to get details	
8757	2025-10-09 09:50:38	Farrell	0	He wants $50 for the white one plus shipping to skinny of a deal	
8760	2025-10-09 12:23:53	Skylar	2		Media/13057485135@s.whatsapp.net/b/f/bfce21cb-ff97-4248-b644-0efa28201f28.mp4
8761	2025-10-09 12:23:54	Skylar	2		Media/13057485135@s.whatsapp.net/c/2/c2a49492-baf8-4cd4-907c-6d54255f835b.mp4
8762	2025-10-09 12:25:24	Farrell	0	Saweet	
8763	2025-10-09 12:26:11	Farrell	0	What happened to it ?  Asking for a friend! Lol	
8784	2025-10-09 12:26:30	Skylar	66		
8766	2025-10-09 12:26:32	Skylar	1		Media/13057485135@s.whatsapp.net/0/3/034babee-cc43-44f5-aca6-31fc07074be2.jpg
8775	2025-10-09 12:26:32	Skylar	1		Media/13057485135@s.whatsapp.net/a/3/a3e0c780-0814-46a4-a463-689c0b10bc94.jpg
8768	2025-10-09 12:26:32	Skylar	1		Media/13057485135@s.whatsapp.net/1/4/1465da45-9f14-4c33-9efe-c4b912cdf05a.jpg
8771	2025-10-09 12:26:32	Skylar	1		Media/13057485135@s.whatsapp.net/4/4/447005ff-78ee-4157-831e-b235a2a5b620.jpg
8785	2025-10-09 12:26:33	Skylar	1		Media/13057485135@s.whatsapp.net/3/d/3d1d2396-9257-4dc1-a697-7286e3ac0af6.jpg
8779	2025-10-09 12:26:33	Skylar	1		Media/13057485135@s.whatsapp.net/2/3/23010104-30dc-426b-85ef-32b26636d4a8.jpg
8783	2025-10-09 12:26:34	Skylar	1		Media/13057485135@s.whatsapp.net/4/f/4fb02915-14d3-4e62-b225-3486dd9b2650.jpg
8776	2025-10-09 12:26:34	Skylar	1		Media/13057485135@s.whatsapp.net/a/d/ad21b126-72c4-4e53-9985-76609071b43d.jpg
8782	2025-10-09 12:26:34	Skylar	1		Media/13057485135@s.whatsapp.net/8/5/858c7b52-b7cc-466c-b65a-c7522049ec36.jpg
8769	2025-10-09 12:26:34	Skylar	1		Media/13057485135@s.whatsapp.net/1/2/12443c10-3c12-478e-93c7-c4b90cb38c32.jpg
8767	2025-10-09 12:26:35	Skylar	1		Media/13057485135@s.whatsapp.net/0/e/0e5d26d6-135a-4f8c-9ff8-deae649ed605.jpg
8765	2025-10-09 12:26:35	Skylar	1		Media/13057485135@s.whatsapp.net/1/e/1ea8a84a-ec3d-4a37-b931-774e392a5c81.jpg
8772	2025-10-09 12:26:35	Skylar	1		Media/13057485135@s.whatsapp.net/1/3/13f2a8eb-9a81-4e0c-aca3-d98eea6a4eb3.jpg
8777	2025-10-09 12:26:35	Skylar	1		Media/13057485135@s.whatsapp.net/6/b/6b408003-e3f2-4879-9fc5-82074834eae0.jpg
8764	2025-10-09 12:26:35	Skylar	1		Media/13057485135@s.whatsapp.net/d/a/dac4cc70-a2ff-46e0-bee1-7b7b8da8e312.jpg
8774	2025-10-09 12:26:36	Skylar	1		Media/13057485135@s.whatsapp.net/b/c/bc7ce8e2-7296-41db-bf2f-7b28eb522054.jpg
8778	2025-10-09 12:26:36	Skylar	1		Media/13057485135@s.whatsapp.net/1/f/1fba087c-b823-4a01-a11b-d81a3c5d4420.jpg
8773	2025-10-09 12:26:36	Skylar	1		Media/13057485135@s.whatsapp.net/d/b/dba92999-7a89-4033-990c-33d4b02ac9e7.jpg
8786	2025-10-09 12:26:36	Skylar	1		Media/13057485135@s.whatsapp.net/4/f/4fefa6dc-c33e-41aa-a2fe-dac3bcedd9c2.jpg
8770	2025-10-09 12:26:36	Skylar	1		Media/13057485135@s.whatsapp.net/9/c/9cb91205-c3f0-465f-ae70-9f6d8f20b034.jpg
8780	2025-10-09 12:26:52	Skylar	0	I didn’t like that it had no paint on the inside of it	
8781	2025-10-09 12:27:48	Farrell	0	Gotcha . We usually herculine it so it'd durable up to side and one inch from lip then put the carpet provided in carpet kit	
8788	2025-10-09 12:29:03	Skylar	0	Yeah I would’ve like to do that but I think it would have caused a delay	
8787	2025-10-09 12:30:01	Skylar	0	The grey carpet that is supposed to be there is missing	
8789	2025-10-09 12:30:45	Farrell	0	Grey that carpet should be black	
8794	2025-10-09 12:31:45	Farrell	0	It's not black uggg fuck me	
8792	2025-10-09 12:31:52	Farrell	0	I ordered black	
8790	2025-10-09 12:32:27	Skylar	1		Media/13057485135@s.whatsapp.net/c/d/cd1784c8-0952-4460-b861-60965c8727a2.jpg
8793	2025-10-09 12:32:29	Skylar	1		Media/13057485135@s.whatsapp.net/9/d/9d9a7996-cae5-4327-883a-47b71e3af20c.jpg
8791	2025-10-09 12:32:40	Skylar	0	Carpet is grey :)	
8795	2025-10-09 12:33:01	Farrell	0	Jesus	
8796	2025-10-09 12:33:14	Farrell	0	Sucks because no one told me for months	
8797	2025-10-09 12:33:21	Farrell	0	Should of been black	
8798	2025-10-09 12:33:22	Skylar	0	Don’t worry we can sew up a match	
8801	2025-10-09 12:33:33	Farrell	0	Huh?	
8802	2025-10-09 12:33:39	Farrell	0	Seats are in its installed	
8800	2025-10-09 12:33:46	Farrell	0	Kits are $650	
8804	2025-10-09 12:34:02	Farrell	0	I don't need a Grey one so not sure how it got fucked	
8809	2025-10-09 12:34:20	Skylar	0	It’s been installed since it showed up	
8806	2025-10-09 12:34:59	Farrell	66		
8807	2025-10-09 12:35:00	Skylar	0	We can go get a yard of grey carpet for the tailgate	
8810	2025-10-09 12:35:00	Farrell	1		Media/13057485135@s.whatsapp.net/c/a/ca58b867-bee8-4a0a-83cc-7e3d9293450c.jpg
8803	2025-10-09 12:35:01	Farrell	1		Media/13057485135@s.whatsapp.net/d/7/d759f450-930d-4ed5-8b51-e9e77f5a44c2.jpg
8808	2025-10-09 12:35:02	Farrell	1		Media/13057485135@s.whatsapp.net/2/2/223d2619-51fe-4f31-b47f-c4b219641254.jpg
8799	2025-10-09 12:35:03	Farrell	1		Media/13057485135@s.whatsapp.net/2/6/2658c7f4-053f-451c-bf40-dd3062139bd0.jpg
8805	2025-10-09 12:35:11	Farrell	0	If this is the same then go with it	
8811	2025-10-09 12:35:20	Farrell	0	It's the camera	
8812	2025-10-09 12:35:21	Skylar	0	Yep it’s the same one	
8813	2025-10-09 12:35:26	Farrell	0	Then we good	
8814	2025-10-09 12:35:32	Skylar	0	Yep too much contrast in the image	
8815	2025-10-09 12:35:37	Skylar	0	I’m happy we are on track	
8816	2025-10-09 12:35:50	Farrell	0	Me as well.	
8820	2025-10-09 12:36:18	Farrell	0	Just need esthetics presentable for photo shoot we can tune during marketing campaign	
8818	2025-10-09 12:36:37	Skylar	0	100% with you on that	
8817	2025-10-09 12:36:40	Farrell	0	I mean if we can have a driving video that definitely helps. Big time with coyote	
8819	2025-10-09 12:37:16	Farrell	0	We will do a teaser before bring a trailer I have some outlets to try just for marketing won't sell it but will bring in buyer for maybe the green one	
8821	2025-10-09 12:37:52	Skylar	0	so the thing I’ll need to do is give Ernie some money to do the upholstery rear panels. We could start them today or tomorrow.  Need to get both sets done by tomorrow	
8825	2025-10-09 12:52:11	Farrell	0	Well he can start he will get paid i.dont have a way to give him money this second and would rather send during next payment . It cost me wire fees each time	
8823	2025-10-09 12:52:43	Farrell	0	How much us he charging me to do it ?	
8822	2025-10-09 12:52:54	Farrell	0	Is	
8824	2025-10-09 12:53:23	Farrell	0	I.can send tomorrow	
8827	2025-10-09 12:54:23	Farrell	0	Remind him he got the tan deal because of me . I am the one who originally suggested about him replacing with new interior when i sold it to him	
8826	2025-10-09 12:55:01	Farrell	0	I knew that interior was ugly and just needed lipstick replacing to make the truck better.  Your soft top was a very nice touch I never suggested any of that part looks great by the way	
8829	2025-10-09 12:57:01	Skylar	0	Not to worry it’s not a crazy amount I just want it done for this weekend	
8828	2025-10-09 12:57:01	Farrell	0	I can zelle	
8830	2025-10-09 12:57:14	Farrell	0	Yes great please	
8831	2025-10-09 12:57:30	Skylar	0	I don’t know we are gonna get it on the table and going asap I just need leverage to be bossy	
8832	2025-10-09 12:57:40	Farrell	0	I can zelle . Tomorrow if must	
8833	2025-10-09 12:58:20	Skylar	0	Perfect that’s gonna be the move	
8856	2025-10-09 17:05:42	Farrell	0	Hi did you have some bolts that we needed to order on Amazon	
8855	2025-10-09 17:06:15	Skylar	1		Media/13057485135@s.whatsapp.net/a/7/a789757e-ab9d-406c-a6b5-50f34b0dbaf1.jpg
8854	2025-10-09 17:06:17	Skylar	1		Media/13057485135@s.whatsapp.net/6/1/61fca9d8-200f-4ac8-a8a7-154cd921de88.jpg
8858	2025-10-09 17:08:41	Skylar	1		Media/13057485135@s.whatsapp.net/e/5/e562b2db-bb45-4562-9c72-61675bc28481.jpg
8857	2025-10-09 17:08:43	Skylar	1		Media/13057485135@s.whatsapp.net/0/e/0eb8222c-9767-40c6-8bd2-b638ae6b10a3.jpg
8859	2025-10-09 17:11:11	Farrell	0	Im confused on the fabric does it match the seats ?	
8860	2025-10-09 17:11:24	Skylar	0	No hah just showing you	
8861	2025-10-09 17:11:26	Skylar	0	Stud	
8862	2025-10-09 17:11:29	Skylar	0	We workin	
8863	2025-10-09 17:11:29	Farrell	0	I sent them at toms pics of the seats and door panels	
8864	2025-10-09 17:11:36	Skylar	0	It’s correct	
8865	2025-10-09 17:11:49	Farrell	0	Lol ohhh lord.	
8866	2025-10-09 17:11:56	Farrell	0	Rock n rolla	
8867	2025-10-09 17:12:16	Farrell	0	I guess I'm looking at the backside	
8868	2025-10-09 17:12:21	Skylar	0	Yep I’m pushing to get both sets done for tomorrow so I can work on images all weekend	
8869	2025-10-09 17:13:01	Farrell	0	Really smart idea to reskin the original ones so we can mount speakers and the rear will mount back ti factory. Duh i was jlnot thinking of that	
8870	2025-10-09 17:13:15	Farrell	0	Man that's awesome	
8871	2025-10-09 17:13:18	Skylar	0	Yeah	
8872	2025-10-09 17:13:37	Farrell	0	I'd give you a kiss 💋 if I was there thanks alot bro	
8883	2025-10-09 17:13:42	Skylar	0	I’d like to go find that thick plastic backing material	
8884	2025-10-09 17:13:57	Skylar	0	I’m trying my best	
8875	2025-10-09 17:13:59	Farrell	0	If the gods are with us we will find some great opportunities tomorrow at the show	
8877	2025-10-09 17:14:11	Farrell	0	It's like the pebble beach car show of south America how mucky	
8874	2025-10-09 17:14:13	Farrell	0	Lucky	
8882	2025-10-09 17:14:23	Farrell	1		Media/13057485135@s.whatsapp.net/f/d/fde97f0e-2a83-4bd8-874f-af8118c77cc7.jpg
8880	2025-10-09 17:14:23	Farrell	1		Media/13057485135@s.whatsapp.net/2/b/2b1f19f8-aa93-4b3a-85c5-52cfcd7c14a3.jpg
8879	2025-10-09 17:17:56	Skylar	1		Media/13057485135@s.whatsapp.net/3/c/3cd2c97d-d2ac-4716-b3c6-72ed4b0025d0.jpg
8873	2025-10-09 17:17:57	Skylar	1		Media/13057485135@s.whatsapp.net/1/9/191266c8-91db-4866-9a3d-ce4880b5ea86.jpg
8878	2025-10-09 17:18:17	Farrell	0	Now we talking	
8881	2025-10-09 17:18:46	Farrell	0	It's going to look really nice again it was meant to be I'm done with those old style diamonds stitched	
8876	2025-10-09 17:18:55	Farrell	0	They are no longer appealing	
8900	2025-10-10 11:43:48	Skylar	1		Media/13057485135@s.whatsapp.net/9/6/96850b00-2398-4d74-8ba9-8040ae14870f.jpg
8897	2025-10-10 11:43:49	Skylar	1		Media/13057485135@s.whatsapp.net/8/0/80107d58-52aa-4c3c-b302-742fdfb1c45b.jpg
8893	2025-10-10 13:20:27	Farrell	66		
8892	2025-10-10 13:20:28	Farrell	1		
8905	2025-10-10 13:20:29	Farrell	1		
8899	2025-10-10 13:20:31	Farrell	1		
8903	2025-10-10 13:20:33	Farrell	1		
8886	2025-10-10 13:20:35	Farrell	1		
8901	2025-10-10 13:20:40	Farrell	1		
8895	2025-10-10 13:20:46	Farrell	1		
8896	2025-10-10 13:20:52	Farrell	1		
8889	2025-10-10 13:20:53	Farrell	1		
8887	2025-10-10 13:20:54	Farrell	1		
8906	2025-10-10 13:20:55	Farrell	1		
8890	2025-10-10 13:20:56	Farrell	1		
8926	2025-10-11 14:36:18	Farrell	66		
8922	2025-10-11 14:36:19	Farrell	1		Media/13057485135@s.whatsapp.net/f/3/f3171c7e-b21f-441f-8e82-df1d23accb3a.jpg
8924	2025-10-11 14:36:19	Farrell	1		Media/13057485135@s.whatsapp.net/2/e/2e7c9c96-d1fc-4003-9c95-6db03fcaa263.jpg
8925	2025-10-11 14:36:20	Farrell	1		Media/13057485135@s.whatsapp.net/8/8/88b3a0f1-672a-45a6-a227-30f6fcfffcfa.jpg
8918	2025-10-11 14:36:21	Farrell	1		Media/13057485135@s.whatsapp.net/3/9/3941671d-3318-4137-92c1-1bfc1f170194.jpg
8920	2025-10-11 14:36:21	Farrell	1		Media/13057485135@s.whatsapp.net/c/5/c50c6832-00f6-4f96-8354-63ec12df1341.jpg
8928	2025-10-11 14:36:22	Farrell	1		Media/13057485135@s.whatsapp.net/d/1/d1bb7880-9155-4622-90ec-492a73e845a0.jpg
8923	2025-10-11 14:36:22	Farrell	1		Media/13057485135@s.whatsapp.net/4/a/4acc4766-7031-4d4a-aafe-c79b69d363f9.jpg
8919	2025-10-11 14:36:23	Farrell	1		Media/13057485135@s.whatsapp.net/b/a/bad57041-d9ae-4ae7-9993-ea22de652e72.jpg
8921	2025-10-11 14:36:24	Farrell	1		Media/13057485135@s.whatsapp.net/f/1/f18e83dd-0cf3-4e2a-b1f8-be3a0182f9d8.jpg
8917	2025-10-11 14:36:26	Farrell	0	Found two of these here	
8929	2025-10-11 14:36:55	Farrell	1		Media/13057485135@s.whatsapp.net/9/9/9946a639-5e5c-4bce-9ab3-d09a5043f3a5.jpg
8927	2025-10-11 14:37:00	Farrell	0	Could turn them into this	
8930	2025-10-11 14:37:07	Skylar	0	With money 💰	
8931	2025-10-11 14:37:19	Farrell	0	Would be cool if we could fit to the granny a SLK 280 motor	
8932	2025-10-11 14:37:27	Farrell	0	Tranny	
8933	2025-10-11 14:37:46	Farrell	0	They come with Auto transmission  no motors	
8934	2025-10-11 14:38:13	Farrell	0	Going to touch them Tuesday	
8936	2025-10-11 14:39:25	Farrell	66		
8935	2025-10-11 14:39:26	Farrell	1		Media/13057485135@s.whatsapp.net/1/1/1142821f-1d82-4398-9e39-17aca4c6868f.jpg
8937	2025-10-11 14:39:26	Farrell	1		Media/13057485135@s.whatsapp.net/4/2/42eb919e-6d90-4614-82f2-0ce52cd8d4dd.jpg
8938	2025-10-11 14:39:42	Farrell	0	Bro we may have something. Cool here because of the longer wheel base	
8939	2025-10-11 14:39:55	Farrell	66		
8940	2025-10-11 14:39:56	Farrell	1		Media/13057485135@s.whatsapp.net/d/2/d21971c3-9226-45d1-b869-806293877a4a.jpg
8941	2025-10-11 14:39:56	Farrell	1		Media/13057485135@s.whatsapp.net/d/4/d4725723-7769-400f-950a-4c41c629eb1a.jpg
8942	2025-10-11 14:39:57	Farrell	1		Media/13057485135@s.whatsapp.net/b/d/bdfe4723-a7e1-4743-b05f-452c038aa61a.jpg
8943	2025-10-11 14:39:57	Farrell	1		Media/13057485135@s.whatsapp.net/b/d/bd1358e1-eaa5-45f5-942a-83f0db9c17f2.jpg
8945	2025-10-11 14:40:18	Farrell	0	Fold down windshield. Better front and rear axles for military use bullet proof i think as well	
8944	2025-10-11 14:40:43	Farrell	0	I actually like this longer bed styl then the shorty	
8946	2025-10-11 14:51:03	Farrell	0	I can grab 10 more in 90 days so we could come up with some cool as a custom line	
8947	2025-10-11 14:56:43	Farrell	0	Body on frame construction.  Transmission: 4-speed or 5-speed manual gearbox
- Drivetrain: Full-time 4WD with locking front and rear differentials
- Axles:
  - Front & Rear: Solid live axles (rigid), coil springs, heavy-duty design
  - Differentials: Manually locking (military spec often includes reinforced housings)
- Suspension: Coil springs with telescopic shock absorbers
- Brakes: Hydraulic disc front, drum rear	
8949	2025-10-11 14:57:21	Farrell	0	Bullet proof axles, braking coil over suspension ( awesome) juice brakes	
9022	2025-10-13 10:53:50	Skylar	7	https://www.amazon.com/dp/B0F1N7Q3LF?psc=1&ref_=cm_sw_r_cp_ud_ct_WVEARTBBYEKYS1NCHES3	
9023	2025-10-13 10:54:03	Skylar	7	https://www.amazon.com/dp/B0DGG65V8B?psc=1&ref_=cm_sw_r_cp_ud_ct_WVEARTBBYEKYS1NCHES3_1	
9037	2025-10-13 11:39:30	Skylar	7	https://tomsoffroad.com/products/66-77-ford-bronco-tilt-steering-column-dash-mounting-bracket?gad_campaignid=21666197979&gad_source=1&gclid=CjwKCAjwxrLHBhA2EiwAu9EdM0Du4Rz8gPgeqOTSDO_EAhi9XDpJxHJt7W6CCIteCsztSazGoeGVKxoC9lQQAvD_BwE

Need this for the white bronco	
9058	2025-10-13 12:05:29	Farrell	0	I'm surprised this is missing  how was the colum fixed in place without it ?	
9059	2025-10-13 12:05:44	Skylar	0	We used home made spacers	
9060	2025-10-13 12:05:53	Skylar	0	It wasn’t fixed	
9061	2025-10-13 12:06:22	Farrell	0	Gotcha.  Man I could of sworn I had one there with justin , no time to look on it ordering now	
9062	2025-10-13 12:06:54	Farrell	0	On the bolt kit is is just one set or two ?	
9063	2025-10-13 12:08:57	Skylar	0	Prefer two	
9064	2025-10-13 12:15:56	Farrell	0	It delivers almost same day I'll send one now and if you need another hit me up	
9066	2025-10-13 12:16:08	Farrell	0	772 pieces	
9067	2025-10-13 12:17:34	Skylar	0	we are working on the panels	
9068	2025-10-13 12:18:00	Farrell	0	With fabric or you want to use these bolts for panels?	
9069	2025-10-13 12:18:12	Farrell	0	If that's the case I understand	
9070	2025-10-13 12:18:21	Farrell	0	Sending 2	
9080	2025-10-13 15:42:34	Farrell	7	https://tomsoffroad.com/products/66-77-ford-bronco-tilt-steering-column-dash-mounting-bracket?gad_campaignid=21666197979&gad_source=1&gclid=CjwKCAjwxrLHBhA2EiwAu9EdM0Du4Rz8gPgeqOTSDO_EAhi9XDpJxHJt7W6CCIteCsztSazGoeGVKxoC9lQQAvD_BwE

Need this for the white bronco	
9071	2025-10-13 15:43:19	Farrell	0	Hi so I can order this but 90% chance it will need to be bored out because that column is 2 1/4 inch diameter this only comes in 2 inch	
9098	2025-10-13 15:44:06	Farrell	0	I have found some others on EBAY that are 2 1/2 inch so we would need to put some sort of rubber seal trim inside when fastening down which is fine	
9087	2025-10-13 15:47:09	Farrell	7	https://ebay.us/m/vUysKN	
9096	2025-10-13 15:47:49	Farrell	0	If you read description this one supposed to be 2.5 inch diameter for the column	
9083	2025-10-13 15:53:05	Farrell	0	So i can order this but it's more than likely your going to have to bore it out little to fit	
9077	2025-10-13 15:53:26	Farrell	0	They said it Will not fit a 2  1/4 column	
9072	2025-10-13 15:54:10	Farrell	1		Media/13057485135@s.whatsapp.net/3/7/37c93f64-7335-4d48-b077-dd2e7e60eceb.jpg
9089	2025-10-13 15:54:55	Skylar	0	Interesting I need to measure the thing then	
9100	2025-10-13 15:59:01	Farrell	0	Yes	
9074	2025-10-13 15:59:48	Farrell	0	It's 2 1/4 forsure  when shift on the column it's 2 1/4. No column shift then 2 inch	
9109	2025-10-13 17:03:26	Skylar	1		Media/13057485135@s.whatsapp.net/a/b/ab7f79ad-be55-4051-964b-4a868fa03afa.jpg
9102	2025-10-13 17:03:28	Skylar	1		Media/13057485135@s.whatsapp.net/f/9/f9887be9-8c97-49ba-a79f-704a9335eed6.jpg
9122	2025-10-14 07:54:54	Skylar	1		Media/13057485135@s.whatsapp.net/e/3/e34ff860-de92-4a47-80e7-f58dcbce1731.jpg
9123	2025-10-14 07:54:56	Skylar	1		Media/13057485135@s.whatsapp.net/7/4/74607697-4a63-4f01-86c8-d8528d46e652.jpg
9115	2025-10-14 07:54:57	Skylar	1		Media/13057485135@s.whatsapp.net/4/7/47af6872-323a-4cb1-8784-88a17aaa8c1a.jpg
9113	2025-10-14 07:54:59	Skylar	1		Media/13057485135@s.whatsapp.net/8/7/875fffaa-b0eb-438d-9729-fcdd9b5c2a27.jpg
9121	2025-10-14 08:12:19	Farrell	0	Now we are talking	
9119	2025-10-14 08:13:19	Farrell	0	I was hoping he was going to break it up meaning the pic you sent last night looking line the parallel puff pattern top and bottom. Was going to send a suggestion but you read my mind	
9118	2025-10-14 08:14:05	Skylar	0	Send suggestion	
9116	2025-10-14 08:14:14	Skylar	0	We are basing it on the design of the seats	
9114	2025-10-14 08:14:35	Farrell	0	Yes sir	
9117	2025-10-14 08:15:22	Farrell	0	He's doing it  that piece in the middle. A smooth top piece and the speaker on the bottom.  The arm rest and cup holders break up the rest for plenty of texture	
9120	2025-10-14 08:16:28	Farrell	0	For the rear quarter top piece 4 inch smooth then that pattern he made in middle or 3 inch from top to match smooth piece on front door panels	
9176	2025-10-16 09:23:37	Skylar	1		Media/13057485135@s.whatsapp.net/e/1/e14e817d-fc66-4d83-8c1e-da88c766b17a.jpg
9175	2025-10-16 09:23:42	Skylar	1		Media/13057485135@s.whatsapp.net/9/4/944501a2-43dc-4019-8a17-abfe99d90de1.jpg
9173	2025-10-16 09:23:47	Skylar	1		Media/13057485135@s.whatsapp.net/6/1/61b01a0f-0324-4eed-a77e-1195a735f662.jpg
9178	2025-10-16 10:41:32	Farrell	0	Tight work	
9179	2025-10-16 10:41:33	Farrell	0	Very relieved	
9180	2025-10-16 10:42:16	Skylar	0	Hoping to se the doors done soon	
9181	2025-10-16 10:43:02	Farrell	0	That truck will look awesome.  Got to tell you much better then the diamond stitched	
9182	2025-10-16 10:43:06	Farrell	0	Dated	
9183	2025-10-16 10:46:01	Skylar	0	Yes agreed	
9399	2025-10-20 11:21:54	Farrell	0	Greetings Skylar. Those bolts you requested should arrive by tomorrow or Wednesday	
9400	2025-10-20 11:22:10	Farrell	0	What should we do about the aluminum steering block under dash ?	
9401	2025-10-20 11:22:23	Farrell	14		
9403	2025-10-20 11:22:57	Farrell	0	Also anxious to see that completed interior! Ready for photo shoot on the coyote	
9404	2025-10-20 11:23:17	Farrell	0	Eta on White one we cutting it close where holidays will effect the sale	
9405	2025-10-20 11:23:38	Farrell	0	And i am one person who knows it's hard to give a finshline time	
9406	2025-10-20 11:23:42	Farrell	0	Don't worry	
9407	2025-10-20 11:24:03	Farrell	0	Even if we can do photo shoot for white one then tune during listing	
9408	2025-10-20 11:24:17	Farrell	0	Driving video does help allt with sale	
9409	2025-10-20 11:25:58	Farrell	0	You will need to confirm on steering Column diameter so I can order that block. 2 1/4 i say it is	
9410	2025-10-20 11:26:09	Farrell	0	Can't seal up the dash unless we get that done	
9411	2025-10-20 11:28:55	Farrell	0	Are the door panels done for coyote ? Desperate for pics	
9412	2025-10-20 11:52:42	Skylar	0	so im in st barth til the 27th.. then i’m off to malibu for a day or two.. shooting a mag cover of james perse at his ranch. hoping to convince him to buy some broncos while im at it. they paid us 60k to advertise in the mag. hes needs a cool ride!! im sure hes got plenty already… 

While im away the guys are frantically working on all the vehicles. the dale project kinda set us back time-wise but we’ve been making progress on everything. i will talk to ernie later today.

the bronco door panels for the white have been disassembled. ready to be rewrapped. i paid ernie $800 in hopes to get him to finish all but he did two rear panels, i might need to pay him more to speed him up. for the rest the panels, especially the front coyote ones. then his job is done. my dad can shoot some pixs if the coyote bronco in a day or two if we can get the door panels done.  we should have installed those carpet mounting strips to make the carpet look better.. 

as for the white- it needs urgently
rear shocks installed - they need to get the metal spacer pushed out of the shock in order to fit on the mount.
side panels are 1/2 done.. side panels are half done been cut out but need to be mounted and material needs to be mounted to the structure. - problem is we are working on dales all week for his arrival on saturday…

if i wanna push the guys i need to pay them better 😝.


this is the message i just sent to one of my guys- 

'the white bronco should be priority today..
need bolts for shocks. 
needs driver side hood support installed. 
needs door rubbers - the ones mounted to the body. They affect the rear panels on the top corner.
metal dash column cover needs to be installed so hole need to be drilled to install it. 
T-case shifter boot needs to be installed/ mounted to floor.
roll cage needs to be bolted down - new bolts arriving tomorrow or Wednesday. 
wipers need to be wired.- just like dales was done. 
Windows need their felts installed so they aren’t all banging around. 
rear panels need to be “mounted” before upholstery done. So needs to do a bunch of self tappers. Then need to be drilled out to fit the VW style push mounts to achieve the no screws look.
need to install the windshield.. Justin was supposed to drop off a gasket.
need to mount the gas tank filler. 
need to inspect other odds and ends. 
need to mount the whole complicated soft top but thats not til all things are done and pix taken without 
ill be back in 7-10 days’	
9413	2025-10-20 11:54:38	Skylar	66		
9414	2025-10-20 11:54:38	Skylar	1		Media/13057485135@s.whatsapp.net/3/4/34cde8e4-9442-41fc-ac33-673729956508.jpg
9415	2025-10-20 11:54:38	Skylar	1		Media/13057485135@s.whatsapp.net/4/7/4715634b-ba34-4368-bed3-e056ca4c281c.jpg
9416	2025-10-20 11:54:39	Skylar	1		Media/13057485135@s.whatsapp.net/1/3/138876c3-2955-4f2f-904e-db25b15b2b59.jpg
9417	2025-10-20 11:54:39	Skylar	1		Media/13057485135@s.whatsapp.net/1/0/10c5ddab-55d8-4219-8ad5-86911f1eb2c3.jpg
9418	2025-10-20 11:54:39	Skylar	1		Media/13057485135@s.whatsapp.net/4/5/4563a7e3-676d-4e78-a75e-9f940b2526fb.jpg
9419	2025-10-20 11:54:39	Skylar	1		Media/13057485135@s.whatsapp.net/0/e/0eba0434-18f7-46dc-9619-d2ab37427d41.jpg
9420	2025-10-20 11:54:39	Skylar	1		Media/13057485135@s.whatsapp.net/1/3/13584d30-9de2-4bf2-a765-c1e2bc305dfd.jpg
9421	2025-10-20 11:54:39	Skylar	1		Media/13057485135@s.whatsapp.net/0/a/0a8eb6c7-4175-488e-92ef-60e5b50acfa7.jpg
9422	2025-10-20 11:54:39	Skylar	1		Media/13057485135@s.whatsapp.net/d/f/df8f8dad-65b6-44b8-8888-c1fffb42e34b.jpg
9423	2025-10-20 11:54:39	Skylar	1		Media/13057485135@s.whatsapp.net/3/2/322ab74e-262e-4379-98e5-2bf3ac9bb4f4.jpg
9424	2025-10-20 11:54:39	Skylar	1		Media/13057485135@s.whatsapp.net/7/d/7d983923-cfea-4e3e-84e1-99e30cbc5eaa.jpg
9425	2025-10-20 11:54:39	Skylar	1		Media/13057485135@s.whatsapp.net/c/6/c697cb1d-6c93-485f-9beb-0eb68445ec12.jpg
9426	2025-10-20 11:54:39	Skylar	1		Media/13057485135@s.whatsapp.net/9/7/97b4a86d-5a68-46f1-8c08-dce2572ac89e.jpg
9427	2025-10-20 11:54:39	Skylar	1		Media/13057485135@s.whatsapp.net/1/c/1cbfb139-863d-4806-9572-de698465813a.jpg
9428	2025-10-20 11:54:39	Skylar	1		Media/13057485135@s.whatsapp.net/3/0/303115e3-b615-4eb9-8bc4-feda5a28e5c4.jpg
9429	2025-10-20 11:54:40	Skylar	1		Media/13057485135@s.whatsapp.net/5/7/57e1e9c4-028d-44e0-8382-a6f7d515b83c.jpg
9430	2025-10-20 11:54:40	Skylar	1		Media/13057485135@s.whatsapp.net/3/b/3b2ebaf8-abad-4bfd-b9a3-627c8198d84b.jpg
9431	2025-10-20 11:54:40	Skylar	1		Media/13057485135@s.whatsapp.net/5/b/5ba583c9-b64d-4a66-9d5c-034e0f7fd1e7.jpg
9432	2025-10-20 11:54:40	Skylar	1		Media/13057485135@s.whatsapp.net/1/9/190283f4-81e7-48e3-bef0-d46ae875bf10.jpg
9433	2025-10-20 11:54:40	Skylar	1		Media/13057485135@s.whatsapp.net/2/a/2a589cdb-0f61-4526-a9b9-95d8e8021997.jpg
9434	2025-10-20 11:54:41	Skylar	1		Media/13057485135@s.whatsapp.net/7/e/7ea1ca67-aa07-4c15-8e18-0cf9235988eb.jpg
9435	2025-10-20 11:54:42	Skylar	1		Media/13057485135@s.whatsapp.net/7/a/7aecc3fd-e96f-4f4c-bbb6-897b0778631e.jpg
9436	2025-10-20 11:54:43	Skylar	1		Media/13057485135@s.whatsapp.net/c/6/c6334089-8a57-43b5-a104-47b11cd90b15.jpg
9437	2025-10-20 11:54:44	Skylar	1		Media/13057485135@s.whatsapp.net/5/b/5bd6c817-7be3-4792-a77e-19f88e376333.jpg
9438	2025-10-20 11:54:45	Skylar	1		Media/13057485135@s.whatsapp.net/3/4/3450eb9c-8845-4528-b948-82e67d4deab7.jpg
9439	2025-10-20 11:54:46	Skylar	1		Media/13057485135@s.whatsapp.net/9/e/9ebd6068-ed73-4b58-871e-27d6cc8b6102.jpg
9440	2025-10-20 11:54:47	Skylar	1		Media/13057485135@s.whatsapp.net/9/4/94de777c-b2f4-425c-b38a-efff059b24b9.jpg
9441	2025-10-20 11:54:48	Skylar	1		Media/13057485135@s.whatsapp.net/5/6/56082dca-468c-4385-ae25-e6a17f9eaceb.jpg
9442	2025-10-20 11:54:49	Skylar	1		Media/13057485135@s.whatsapp.net/4/2/42eb992f-2bbb-4959-a5c3-96c217acf02b.jpg
9443	2025-10-20 11:54:49	Skylar	1		Media/13057485135@s.whatsapp.net/f/7/f75a6677-7bc2-499d-95d6-7d6d81eff606.jpg
9444	2025-10-20 11:56:18	Farrell	0	I appreciate the response. Kinda sucks Dale's get infront of me. I assumed that was the case. I must have the coyote done with pics this week I am running out of money quickly not your fault when it was in Pahrump then the delay with interior got me nearly 3 months behind I was expecting money from it	
9445	2025-10-20 11:57:17	Farrell	0	What interior issues are you speaking of eith white one other than mounting the rest quarter panels ? Is this what you are mentioning ?	
9446	2025-10-20 11:57:36	Farrell	0	Rear quarter panels just need mounting correct ,	
9447	2025-10-20 11:57:46	Skylar	0	yeah just mounting	
9448	2025-10-20 11:58:46	Farrell	0	Yes we can wait on soft top until after pics for advertising.  And MUST use the instructions manual. It ca. Cause scratching between when doors close and how they align to windshield frame. Very touchy	
9449	2025-10-20 11:58:54	Farrell	0	Always start on passenger side first	
9450	2025-10-20 11:59:22	Farrell	0	I definitely want photo shoot and pics before we do soft top don't need to have it in the photos	
9451	2025-10-20 11:59:40	Farrell	0	Cool	
9452	2025-10-20 12:00:10	Farrell	0	It's fairly easy. 4 inch apart on cutting screws. Drill hole first with 1/4 inch new bit	
9453	2025-10-20 12:00:13	Skylar	0	on the bright side yours actually made some good progress just not enough. weve also had a lot of other shit not just dale. im happy the panels are on track for the coyote bronco. ill call ernie and beg to get them hammered out. then a shoot could be done this week	
9454	2025-10-20 12:00:34	Farrell	0	Actually thinner drill bit .32	
9455	2025-10-20 12:00:37	Farrell	0	1/8	
9456	2025-10-20 12:01:06	Farrell	0	Huge Thanks alot skylar .	
9458	2025-10-20 12:01:39	Farrell	0	Working on setting up a sub shop start of 2026 in Colombia to hammer out builds then ship to you to finish and sell	
9457	2025-10-20 12:01:39	Skylar	0	the white one just has so many little hang ups. i would have gotten pixs of it outside but i got hung up on the shocks… aha so much for trying to save money!!! just need to press out the metal inside the rubber	
9459	2025-10-20 12:02:22	Farrell	0	I hear you just want to try for pics even if not running. To be able to start test marketing by Halloween e	
9460	2025-10-20 12:03:02	Farrell	0	That's marketing also brings buyers for other builds or the green one still in Colombia	
9461	2025-10-20 12:03:16	Farrell	0	Still have both those 1966s also	
9462	2025-10-20 12:06:07	Skylar	66		
9463	2025-10-20 12:06:07	Skylar	1		Media/13057485135@s.whatsapp.net/d/0/d082bf31-a39d-442d-8df6-f9312d8bfe3c.jpg
9464	2025-10-20 12:06:07	Skylar	1		Media/13057485135@s.whatsapp.net/7/6/76ced3f0-93c0-449d-af92-7097ea3c64c8.jpg
9465	2025-10-20 12:06:07	Skylar	1		Media/13057485135@s.whatsapp.net/0/b/0bf10f91-eb85-49c5-a973-3c2134a25ae6.jpg
9466	2025-10-20 12:06:07	Skylar	1		Media/13057485135@s.whatsapp.net/0/f/0f0b729f-b98e-46aa-945f-0566a21f9473.jpg
9467	2025-10-20 12:06:07	Skylar	1		Media/13057485135@s.whatsapp.net/3/8/38098372-e2e8-4529-b998-aaaa5044fe42.jpg
9468	2025-10-20 12:06:08	Skylar	1		Media/13057485135@s.whatsapp.net/9/b/9b1369ac-e5bc-4f15-ba30-f6456a98ab44.jpg
9469	2025-10-20 12:06:08	Skylar	1		Media/13057485135@s.whatsapp.net/6/8/68666596-173c-488a-942a-9b1e9ee20313.jpg
9470	2025-10-20 12:06:08	Skylar	1		Media/13057485135@s.whatsapp.net/e/a/eaabfc1f-aa95-48cb-b989-ac8260fd4760.jpg
9471	2025-10-20 12:06:08	Skylar	1		Media/13057485135@s.whatsapp.net/1/d/1df0c52e-82d8-453b-a831-a75b86c4b148.jpg
9472	2025-10-20 12:06:08	Skylar	1		Media/13057485135@s.whatsapp.net/7/1/71fa921f-0451-4d9d-9057-2dbe8aff5d46.jpg
9473	2025-10-20 12:07:43	Skylar	1		Media/13057485135@s.whatsapp.net/3/e/3e84b575-7c23-417a-bfdc-b08abaf8006a.jpg
9474	2025-10-20 12:07:44	Skylar	1		Media/13057485135@s.whatsapp.net/1/4/143d8437-60f4-4437-8b3f-9a010ba58c63.jpg
9506	2025-10-20 12:28:48	Farrell	0	🙏	
9507	2025-10-20 12:29:15	Farrell	0	Gaps look great now	
9508	2025-10-20 12:29:38	Farrell	0	Cam they send me a pic of rear end as well and interior	
9509	2025-10-20 12:30:02	Farrell	0	Front interior with doors closed dont worry about rear quarter i see them	
9510	2025-10-20 12:30:20	Farrell	0	Want to see center console with dash panel contrast	
9511	2025-10-20 12:30:23	Skylar	1		Media/13057485135@s.whatsapp.net/0/3/03d94054-2bef-415e-a376-c7e8f9ece8ae.jpg
9512	2025-10-20 12:30:24	Skylar	1		Media/13057485135@s.whatsapp.net/9/0/90ff0c4d-65ae-4a36-8a3e-c1881bcbb9e0.jpg
9513	2025-10-20 12:30:59	Farrell	0	So take the photo from passenger side showing center Consol and dash excluded glove box if not mounted and not showing rear quarter	
9514	2025-10-20 12:31:09	Farrell	0	Is the rear bumper adjusted for gaps ?	
9515	2025-10-20 12:31:18	Skylar	66		
9516	2025-10-20 12:31:18	Skylar	1		Media/13057485135@s.whatsapp.net/f/f/ff104a3d-93a1-4aa4-bf79-85cadc201ad2.jpg
9517	2025-10-20 12:31:18	Skylar	1		Media/13057485135@s.whatsapp.net/4/a/4acb70c3-4486-44c6-8bbd-64e01a407382.jpg
9518	2025-10-20 12:31:18	Skylar	1		Media/13057485135@s.whatsapp.net/f/d/fd211912-6e7e-4d8b-ac3b-9aada27d86f1.jpg
9519	2025-10-20 12:31:18	Skylar	1		Media/13057485135@s.whatsapp.net/f/f/ff9700b0-4105-4231-b2c1-733f1c9b1d3d.jpg
9520	2025-10-20 12:31:18	Skylar	1		Media/13057485135@s.whatsapp.net/7/a/7aded4cd-03eb-417f-b7e4-4ec1b4702b4e.jpg
9521	2025-10-20 12:31:18	Skylar	1		Media/13057485135@s.whatsapp.net/a/a/aa708cc8-6897-472b-8c05-96e9dccbfb01.jpg
9522	2025-10-20 12:31:18	Skylar	1		Media/13057485135@s.whatsapp.net/f/5/f56c18be-b405-4010-a27f-95b19d0fa9ec.jpg
9523	2025-10-20 12:31:18	Skylar	1		Media/13057485135@s.whatsapp.net/f/2/f2451735-4848-49f7-b4c9-74a24dbfa7bf.jpg
9524	2025-10-20 12:31:19	Skylar	1		Media/13057485135@s.whatsapp.net/3/d/3d8d25ac-0e24-45c4-90a3-7591cba51be7.jpg
9525	2025-10-20 12:31:19	Skylar	1		Media/13057485135@s.whatsapp.net/9/b/9be363bb-11d5-41f3-8ba7-4c998d712360.jpg
9526	2025-10-20 12:31:28	Skylar	0	yeah that bumper is all the way up in the back	
9527	2025-10-20 12:31:51	Skylar	0	i installed it	
9528	2025-10-20 12:31:52	Farrell	0	Wow that's crazy	
9529	2025-10-20 12:32:01	Skylar	0	yeah i dont think the angle helps	
9530	2025-10-20 12:32:11	Farrell	0	Both 1 inch square tubing stacked on top	
9531	2025-10-20 12:32:16	Skylar	0	yeah	
9532	2025-10-20 12:32:19	Farrell	0	That could be it	
9533	2025-10-20 12:32:39	Farrell	0	What are we doing with the aluminum block so we can button up the dash and steering bezel ?	
9534	2025-10-20 12:32:53	Farrell	0	That dash will be amazing finished	
9535	2025-10-20 12:33:09	Skylar	0	not super worried about it biggest thing is just drill the holes for the cover right now	
9536	2025-10-20 12:33:22	Skylar	0	the steering is secure right now	
9537	2025-10-20 12:33:39	Farrell	0	I can buy the 2 inch they will have to get a burrow bit and file it out to 2 1/4 dimension	
9538	2025-10-20 12:34:13	Farrell	0	Oh saweeet  good it's a collapsed rod so not to worry if God forbid accident great let's lock it down	
9539	2025-10-20 12:34:50	Skylar	0	its a side note not a huge problem for us right now. i want to get the right one in once all the other headaches are solved.	
9540	2025-10-20 12:34:52	Farrell	0	White bumper and center console look Amazong	
9541	2025-10-20 12:35:33	Skylar	0	the only other stupid issue is the power steering resevoir we need a solid custom line with a 90 turn because regular line isnt sufficient	
9542	2025-10-20 12:35:52	Skylar	0	not solid but “good quality” proper fitting	
9543	2025-10-20 12:36:34	Farrell	0	They custom make them at oriellys don't they or another part shop	
9544	2025-10-20 12:36:56	Farrell	0	Bumper to bumper makes them but you don't have them there	
9545	2025-10-20 12:37:23	Skylar	1		Media/13057485135@s.whatsapp.net/6/1/616f9beb-b638-4e1e-b146-17361183b153.jpg
9546	2025-10-20 12:37:24	Skylar	1		Media/13057485135@s.whatsapp.net/7/1/719fba7e-7a3e-4787-a9f7-91dd21ebf4f5.jpg
9547	2025-10-20 12:37:33	Farrell	0	Please sell something to James perse	
9548	2025-10-20 12:37:42	Farrell	0	Broncos are great for ranch	
9549	2025-10-20 12:37:56	Skylar	0	his operation aint no joke	
9550	2025-10-20 12:38:16	Farrell	0	Let me make some calls on the power steering issue	
9551	2025-10-20 12:38:24	Skylar	7	https://www.jamesperse.com/pages/malibu	
9552	2025-10-20 12:38:45	Farrell	0	Could it be the factory 1998 ford Explorer? That's what that serpentine kit is	
9553	2025-10-20 12:38:57	Skylar	0	exactly in line with our goal Old world charm modern sophistication	
9554	2025-10-20 12:39:09	Skylar	0	i think the kit was lincoln i dont know at all	
9555	2025-10-20 12:40:36	Farrell	0	Could be	
9660	2025-10-21 10:08:28	Farrell	0	Greetings bro, if you could kindly nudge the interior guy on those coyote front door panels for completion	
9742	2025-10-22 08:22:00	Farrell	0	Hi Skylar confirming you received my previous text to please nudge the interior guy to complete the interior front door panels. Also the dash and center console	
9743	2025-10-22 08:22:37	Farrell	0	I MUST have atleast the velocity truck ready this week. Please 🙏 I beg for pics to begin marketing . I'm in scary territory for funds	
9747	2025-10-22 09:24:35	Farrell	0	Buddy are you able to respond ?	
9748	2025-10-22 09:25:14	Skylar	0	I texted Ernie about 30/45 minutes ago I’m on my shoot right now but once we break for lunch I’ll give him a call	
9749	2025-10-22 09:26:06	Farrell	0	You rock. , good luck with your shoot , love to see some test shots	
9750	2025-10-22 10:22:15	Farrell	1		Media/13057485135@s.whatsapp.net/f/b/fb707f76-cb4b-46b3-8234-39e6d7db6792.jpg
9753	2025-10-22 10:22:16	Farrell	1		Media/13057485135@s.whatsapp.net/0/1/011da9a9-0c6e-4ac2-9673-9555b89ea44f.jpg
9751	2025-10-22 10:22:16	Farrell	1		Media/13057485135@s.whatsapp.net/9/e/9e7efb7e-de5b-4a8b-9cf3-96a72a1d0846.jpg
9752	2025-10-22 10:22:17	Farrell	2		Media/13057485135@s.whatsapp.net/f/3/f3163529-1fc0-4ce1-9c24-7ad5b18ce64c.mp4
9754	2025-10-22 10:23:19	Farrell	0	EV. FJ43  extended 4 door version.  5 speed Manual transmission electric  motor  300 Hp. 200 mile range	
9755	2025-10-22 10:25:00	Farrell	0	1. Section 179 Deduction
- Eligibility: Vehicle must be used more than 50% for business and placed in service during the tax year.
- Deduction Limit: Up to $1,220,000 in 2025 for qualifying property.
- Classic Vehicles: If the Bronco is restored or modified, it may still qualify if used for business and not considered a collectible or investment.

2. Bonus Depreciation (100%)
- Applies to: New or used vehicles acquired and used in business.
- Deduction: 100% of the purchase price in the first year (2025), regardless of cost.
- Timeframe: Available through 2026 under the extended Trump tax bill.

3. Advertising Expense Deduction
- If the Bronco is used solely for promotional display, wrapped with branding, and not driven for personal use, it may be treated as a marketing expense.
- This could allow full deduction as an ordinary business expense under IRS rules.	
9756	2025-10-22 10:25:20	Farrell	0	100% tax deductible with my broncos	
9757	2025-10-22 10:25:34	Farrell	0	Something to share when marketing	
9758	2025-10-22 11:05:49	Skylar	0	What’s the price on that thing I have a meeting with a car guy tomorrow I just had lunch with him at Eden rock	
9759	2025-10-22 11:07:54	Farrell	0	My cost is $95 k so go where you want with it. The guys that built this first one sold it for $125 k.   I am using it as a model to take orders that being said we know what the Bronco guys want to start pricing at for broncos	
9760	2025-10-22 11:08:17	Farrell	1		Media/13057485135@s.whatsapp.net/3/c/3cdb19f6-c3c1-44e3-8024-5cec125c12c5.jpg
9762	2025-10-22 11:08:19	Farrell	1		Media/13057485135@s.whatsapp.net/c/2/c2834f35-55c3-4d06-8497-c3172c0ea81c.jpg
9763	2025-10-22 11:08:36	Farrell	0	So let's put her heads together and come up with a price	
9764	2025-10-22 11:09:12	Farrell	0	We could say $180k and see how he responded.  If he laughs we can say  we have a floor model for $135k	
9761	2025-10-22 11:09:32	Farrell	0	Thoughts you know your guys better than I	
9765	2025-10-22 11:09:43	Skylar	0	He has a fleet of rentals so yeah I’ll shape it into a slightly more interesting deal	
9766	2025-10-22 11:09:44	Farrell	0	Note Fj43s are usually 2 door	
9767	2025-10-22 11:09:51	Skylar	0	He won’t laugh he knows	
9768	2025-10-22 11:10:08	Skylar	0	It’ll be a matter of if it fits the business	
9769	2025-10-22 11:10:09	Farrell	66		
9770	2025-10-22 11:10:10	Farrell	1		Media/13057485135@s.whatsapp.net/a/0/a0b96fc9-296e-4744-9faf-b0fba436b1c6.jpg
9772	2025-10-22 11:10:11	Farrell	1		Media/13057485135@s.whatsapp.net/4/6/46dea56d-bd2a-4630-a79f-d46639a3c3ad.jpg
9771	2025-10-22 11:10:12	Farrell	1		Media/13057485135@s.whatsapp.net/e/3/e328bc03-bff9-48f2-9324-09432501c3fd.jpg
9773	2025-10-22 11:10:13	Farrell	1		Media/13057485135@s.whatsapp.net/a/8/a81c27d2-d94b-4375-af0d-106dc83d6aef.jpg
9774	2025-10-22 11:10:13	Farrell	1		Media/13057485135@s.whatsapp.net/a/9/a95b75e0-b6d6-4baf-a1f9-2c28694feb65.jpg
9775	2025-10-22 11:10:19	Farrell	2		Media/13057485135@s.whatsapp.net/0/e/0ea7a60d-24b5-4d98-94a8-2bd760fe13e1.mp4
9776	2025-10-22 11:10:37	Farrell	0	We could add a removable 3rd row if he wishes	
9777	2025-10-22 11:10:41	Farrell	2		
9778	2025-10-22 11:10:52	Skylar	0	The only thing off putting for me personally is the “box” in the engine compartment	
9786	2025-10-22 11:10:59	Farrell	0	Coop manual shift EV	
9782	2025-10-22 11:11:03	Farrell	0	Cool	
9785	2025-10-22 11:11:13	Skylar	0	Would look better if it resembled how that bronco is done	
9783	2025-10-22 11:11:16	Farrell	0	Batteries	
9781	2025-10-22 11:11:30	Skylar	0	But if I don’t bring it up and don’t show it I can maybe side step the issue	
9780	2025-10-22 11:11:49	Farrell	0	Yes I was considering converting the two 1966s for this	
9779	2025-10-22 11:11:50	Skylar	0	So need pix with the hood down we have a couple	
9784	2025-10-22 11:12:01	Farrell	0	Ok	
9787	2025-10-22 11:13:08	Skylar	0	So that one’s sold?	
9790	2025-10-22 11:13:32	Farrell	0	Yes	
9789	2025-10-22 11:13:53	Farrell	0	Maybe I can figure out a delay to offer money for the buyer to wait for next one	
9788	2025-10-22 11:13:58	Farrell	1		Media/13057485135@s.whatsapp.net/a/b/ab514a93-605d-45dc-8976-9a1ba9b29147.jpg
9791	2025-10-22 11:14:15	Farrell	0	It's top quality craftsman ship	
9792	2025-10-22 11:14:46	Farrell	0	I can have one ready in 90 days	
9794	2025-10-22 11:15:28	Farrell	0	Unless he comes in with high offer then maybe this one	
9793	2025-10-22 11:15:39	Farrell	0	Current buyer is not in a rush	
9795	2025-10-22 11:17:10	Farrell	0	He could order two custom EV broncos as well and I will have workers 24 hours a day on it . Colombian labor	
9798	2025-10-22 11:17:57	Farrell	0	For 50% less then  
Gateway	
9797	2025-10-22 11:18:30	Farrell	0	And we make good money on it	
9799	2025-10-22 11:18:34	Skylar	0	Yeah I like the plan I could see if he could be a financial partner	
9800	2025-10-22 11:18:43	Farrell	0	Cool thing is you don't have to do anything just sell it	
9801	2025-10-22 11:18:45	Skylar	0	He has like 100 car fleet here	
9796	2025-10-22 11:18:52	Farrell	0	Sweet	
9802	2025-10-22 11:19:07	Skylar	0	He just imported 30 dune buggies	
9803	2025-10-22 11:19:21	Farrell	0	Proven Diagnostic and reliability is stronger than any motor powered broncos.  Good for use and abuse	
9804	2025-10-22 11:19:41	Farrell	0	Yeah well I am sure he got them cheap as well	
9805	2025-10-22 11:20:08	Farrell	0	So interesting to see if he will jump up. End results the broncos bring in attention to push on other rentals	
9806	2025-10-22 11:20:46	Skylar	0	He said he has right now 20 cool clients who could do something	
9807	2025-10-22 11:21:27	Skylar	0	I’m a bit cautious but I know what to look for. I usually know the people who are the “clients”	
9808	2025-10-22 11:21:56	Farrell	0	Let's make a sale	
9809	2025-10-22 11:22:12	Farrell	0	Been too long got to have an ice breaker plus a presence on the island	
9810	2025-10-22 11:22:53	Farrell	0	Important simply with my two broncos you can be confident of good cars because you know them . That's a huge difference then buying without knowing	
9818	2025-10-22 15:06:00	Skylar	1		Media/13057485135@s.whatsapp.net/0/6/069e069c-1742-47a7-836e-0fb6a7372c6b.jpg
9819	2025-10-22 15:06:04	Skylar	2		Media/13057485135@s.whatsapp.net/7/2/727e8695-2fc9-41e8-a0fe-141b480ac59f.mp4
9820	2025-10-22 16:07:36	Farrell	0	Bravo	
9821	2025-10-22 16:07:47	Farrell	0	Thanks for sharing	
9905	2025-10-24 12:07:42	Skylar	0	Both door panels are done. I’ll be back to Vegas on the 26th late. Will be able to get some images done of the coyote bronco on the 27th early 28th. 

I can give directions to cj if he’s not too busy already to button up the white one but the rear panels likely still need to be completed. Just been so busy  trying our best	
9899	2025-10-24 12:10:21	Farrell	0	Thanks for reaching out . Couple questions who is CJ?  When you say rear panels need to be completed you mean screwed in correct	
9915	2025-10-24 12:16:13	Skylar	0	Cj is Ernie’s nephew. Ernie is doing the upholstery. They are taking care of anything I ask for while I’m out of town	
9881	2025-10-24 12:23:10	Farrell	0	Gotcha	
9894	2025-10-24 12:23:23	Farrell	0	How's your shoot coming?	
9908	2025-10-24 12:23:41	Skylar	0	🏆	
9895	2025-10-24 12:24:15	Skylar	66		
9898	2025-10-24 12:24:16	Skylar	1		Media/13057485135@s.whatsapp.net/7/8/787a4522-fafd-4de3-be78-55390d815055.jpg
9879	2025-10-24 12:24:16	Skylar	1		Media/13057485135@s.whatsapp.net/7/1/7102efb8-e895-4823-98c2-33c210eb2d1b.jpg
9874	2025-10-24 12:24:16	Skylar	1		Media/13057485135@s.whatsapp.net/5/8/58327065-a81a-423e-82fb-56d6f3c8306a.jpg
9910	2025-10-24 12:24:17	Skylar	1		Media/13057485135@s.whatsapp.net/3/b/3b0207d9-64f0-4f93-bf0a-3a48085a3877.jpg
9907	2025-10-24 12:24:34	Skylar	1		Media/13057485135@s.whatsapp.net/0/7/072725b7-9bd1-43e6-b146-f9c7b4baec5f.jpg
9875	2025-10-24 12:24:34	Skylar	1		Media/13057485135@s.whatsapp.net/0/f/0fe48eb5-e720-4021-a0e0-20533ec81d34.jpg
9916	2025-10-24 12:24:34	Skylar	1		Media/13057485135@s.whatsapp.net/3/f/3f00c3d7-a025-4024-9778-2a6e698258ac.jpg
9889	2025-10-24 12:24:35	Skylar	1		Media/13057485135@s.whatsapp.net/1/3/130eb571-9dad-4938-ad52-d34a8d7c38ac.jpg
9891	2025-10-24 12:25:09	Farrell	0	Nice and remind me the location again?	
9913	2025-10-24 12:25:35	Skylar	0	Eden rock st Barth	
9892	2025-10-24 13:20:01	Farrell	0	Gorgeous	
9893	2025-10-24 13:20:17	Farrell	0	Sell a bronco brother	
9911	2025-10-24 13:23:06	Farrell	0	I can get classic wooden boats as well old chris craft, old Rivas, Old Gar Wood	
9878	2025-10-24 13:25:55	Farrell	66		
9888	2025-10-24 13:25:55	Farrell	1		Media/13057485135@s.whatsapp.net/1/a/1ae0a524-5145-49fa-a6a8-38ede181adb9.jpg
9876	2025-10-24 13:25:56	Farrell	1		Media/13057485135@s.whatsapp.net/e/7/e71b429c-1d54-40c3-985e-84b85e15ea91.jpg
9882	2025-10-24 13:25:56	Farrell	1		Media/13057485135@s.whatsapp.net/0/b/0b7759e7-4b27-4b49-b637-8c88cbf4863d.jpg
9884	2025-10-24 13:25:57	Farrell	1		Media/13057485135@s.whatsapp.net/c/2/c2a91484-374c-4fdd-9c0b-0dc7b4fb2d59.jpg
9870	2025-10-24 13:29:28	Skylar	0	Loveeee those	
9900	2025-10-24 13:29:48	Farrell	0	Yes I know where to find them	
9901	2025-10-24 13:30:34	Skylar	1		Media/13057485135@s.whatsapp.net/c/2/c233d069-919b-49a8-819b-caf1abd3f50f.jpg
9902	2025-10-24 13:30:35	Farrell	0	One guy I boat three broncos off him and in his warehouse has two 37ft Gar wood. Zebra stripes blonde and walnut wood with exhaust stacks coming out front.  Was stunning	
9883	2025-10-24 13:30:37	Skylar	1		Media/13057485135@s.whatsapp.net/5/b/5b4e63eb-5a68-43db-8f1e-e93bc4b096ec.jpg
9917	2025-10-24 13:30:49	Farrell	0	Teak	
9887	2025-10-24 13:30:57	Farrell	0	Alot of classics here in Argentina	
9906	2025-10-24 13:31:24	Farrell	0	Arkansas and Missouri has them as well lake of Ozarks	
9880	2025-10-24 13:32:44	Skylar	1		Media/13057485135@s.whatsapp.net/b/f/bf2db9d3-2bbf-4e61-897c-ea3644c9e4c4.jpg
9978	2025-10-27 17:04:40	Farrell	0	Hi bro, hopefully huge success with photo shoot. Reminder Pleaee need velocity interior completed with interior pics.  Reminder for dash pad and center console.   And for white one if you could kindly install glove box( carefully tape edges on dash while installing as well as safety line ) that stops the lid at 90 degrees. Also Scott drake aluminum behalf for steering column then we can take some nice pics	
9974	2025-10-27 17:07:11	Farrell	0	Also those grade 8 bolts you asked for were delivered today	
9935	2025-10-28 17:47:46	Farrell	0	Hi Skylar sent you several text yesterday confirming you received them!	
10008	2025-10-28 17:59:22	Farrell	0	Buddy responses are greatly appreciated.	
9940	2025-10-28 18:02:41	Skylar	0	Hey there pix arriving Thursday/ Friday	
9965	2025-10-28 18:03:21	Farrell	0	That will be awesome 👌	
10004	2025-10-28 18:04:43	Farrell	0	Do you think we can schedule the white bronco to  get listed on Bring a trailer  November 7 ish ?	
10090	2025-10-29 20:00:38	Skylar	0	i submitted the white one to BAT so itll get the ball rolling	
10091	2025-10-29 20:01:03	Skylar	0	still need to finish things on it but it takes a couple days back and forth emailing with them.	
10092	2025-10-29 20:01:13	Skylar	0	still gonna do a sick photoshoot	
10119	2025-10-30 03:25:20	Farrell	0	That's music to my ears . I'll work on a descriptive narrative that you can use to merge with their agents  input.  I know they have a format they use .👊🤝	
10129	2025-10-30 03:26:08	Farrell	66		
10144	2025-10-30 03:26:11	Farrell	1		Media/13057485135@s.whatsapp.net/e/3/e38aed58-f859-4b0e-a8bc-397004dc3a76.jpg
10127	2025-10-30 03:26:19	Farrell	1		Media/13057485135@s.whatsapp.net/3/8/38a53a24-0fd6-40f0-8057-6ce2bb411e4e.jpg
10128	2025-10-30 03:26:22	Farrell	1		Media/13057485135@s.whatsapp.net/3/8/38a9a352-61ae-489b-aed2-bed58648d893.jpg
10140	2025-10-30 03:26:22	Farrell	1		Media/13057485135@s.whatsapp.net/d/2/d20a677d-9b34-4c05-9487-774c2accd5cd.jpg
10113	2025-10-30 03:26:23	Farrell	1		Media/13057485135@s.whatsapp.net/5/0/50222157-b3b4-4085-9978-bea6a7d4ecb5.jpg
10123	2025-10-30 03:26:24	Farrell	1		Media/13057485135@s.whatsapp.net/6/9/695ac5e8-252a-46bc-a91e-71c22e50dded.jpg
10135	2025-10-30 03:26:25	Farrell	1		Media/13057485135@s.whatsapp.net/4/b/4bdc2eb7-90f8-46f1-9757-b72bb105eb52.jpg
10126	2025-10-30 03:26:28	Farrell	1		Media/13057485135@s.whatsapp.net/4/2/42b16ee8-df9a-46e3-ac1c-ccb4c6c4bf10.jpg
10121	2025-10-30 03:26:28	Farrell	1		Media/13057485135@s.whatsapp.net/6/8/68077a62-b60a-4b3e-852c-14eb1ca41473.jpg
10107	2025-10-30 03:26:29	Farrell	1		Media/13057485135@s.whatsapp.net/5/3/53694289-248a-4682-a4f6-632c7dbc5f29.jpg
10137	2025-10-30 03:26:29	Farrell	1		Media/13057485135@s.whatsapp.net/7/f/7f1e5e0e-2892-41fd-be13-079a8861522f.jpg
10146	2025-10-30 09:00:17	Farrell	0	Please need pics of velocity truck front doors   and dash installed and  completed for tomorrow .begging 🙏	
10145	2025-10-30 13:43:56	Skylar	1		Media/13057485135@s.whatsapp.net/2/8/285eadae-4f7d-401d-a97a-290e6a5f4937.jpg
10105	2025-10-30 15:23:16	Farrell	0	I won't sell it for 100	
10106	2025-10-30 15:23:55	Farrell	0	I could of sold it for that before I dropped it off had an offer	
10143	2025-10-30 15:23:56	Skylar	0	We can ask for another reserve I think I requested 150	
10118	2025-10-30 15:24:08	Farrell	0	Yes please do	
10115	2025-10-30 15:24:19	Farrell	0	We can make the reserve 135k	
10099	2025-10-30 15:24:55	Farrell	0	Is it a 7 day or 10 day	
10125	2025-10-30 15:25:52	Farrell	0	We will have a handicap without driving videos	
10124	2025-10-30 15:50:34	Farrell	0	We can make reserve 129	
10102	2025-10-30 15:52:07	Farrell	0	Knowing we can have esthetic completion for photos by next week.  How far are we from driving videos ?	
10096	2025-10-30 15:52:19	Farrell	0	I understand may be hard to say	
10141	2025-10-30 15:52:36	Farrell	0	Just curios if we are past hard to say or still there	
10117	2025-10-30 16:00:12	Skylar	0	We will do a driving video	
10138	2025-10-30 16:08:45	Farrell	0	Damn that will help alot	
10114	2025-10-30 20:49:38	Farrell	66		
10104	2025-10-30 20:49:38	Farrell	1		Media/13057485135@s.whatsapp.net/1/2/12665b58-1b96-452a-8c40-a977fd667682.jpg
10130	2025-10-30 20:49:39	Farrell	1		Media/13057485135@s.whatsapp.net/d/c/dce1c3bc-cb50-4771-b7d6-1726f813bce0.jpg
10111	2025-10-30 20:49:39	Farrell	1		Media/13057485135@s.whatsapp.net/9/d/9dde2238-8c57-4605-97c6-c2eeba524a79.jpg
10136	2025-10-30 20:49:40	Farrell	1		Media/13057485135@s.whatsapp.net/b/d/bd86fe89-ea24-4f6f-88de-733ca2cf6d55.jpg
10108	2025-10-30 20:49:40	Farrell	1		Media/13057485135@s.whatsapp.net/0/0/00ea36a9-ea99-4974-941e-7d7d60c8a41d.jpg
10109	2025-10-30 20:49:41	Farrell	1		Media/13057485135@s.whatsapp.net/1/3/13bf1ed9-1bdb-4c32-99db-d19d14f1f3c7.jpg
10103	2025-10-30 20:49:41	Farrell	1		Media/13057485135@s.whatsapp.net/9/0/90ab5301-7246-4246-8eb9-b00b93cc9eeb.jpg
10142	2025-10-30 20:49:42	Farrell	1		Media/13057485135@s.whatsapp.net/0/f/0f46a0c1-243d-4b8a-bbaf-35b2a5f2a2f9.jpg
10134	2025-10-30 20:50:10	Skylar	0	Lots of mil spec benz there	
10095	2025-10-30 20:50:19	Farrell	0	I have a colonel down here that owns this truck it's a 300GD 1982 with air conditioning  he might be interested in selling it	
10139	2025-10-30 20:50:34	Skylar	0	It looks great	
10133	2025-10-30 20:50:43	Farrell	0	The best one I've seen so far. Only has line 8,000 kilometer miles like nothing.	
10122	2025-10-30 20:50:54	Skylar	0	Looks like it	
10101	2025-10-30 20:51:01	Farrell	0	He just text me to ask how much I am willing to offer him	
10100	2025-10-30 20:51:20	Farrell	0	The Miles are amazing	
10120	2025-10-30 20:51:29	Farrell	0	See if you can get a buyer	
10131	2025-10-30 20:53:01	Farrell	0	AI suggest $50 to $ 60 k retail as is	
10156	2025-10-31 09:13:08	Farrell	66		
10157	2025-10-31 09:13:08	Farrell	1		Media/13057485135@s.whatsapp.net/0/b/0b146f56-e8b1-4ae4-b431-49ef7ce00003.jpg
10158	2025-10-31 09:13:09	Farrell	1		Media/13057485135@s.whatsapp.net/3/7/37f2b9d1-8c31-4532-be0c-f9774387b0e2.jpg
10159	2025-10-31 09:13:10	Farrell	1		Media/13057485135@s.whatsapp.net/d/8/d859f00f-27d1-44e7-b071-2c03ddfc81d8.jpg
10160	2025-10-31 09:13:10	Farrell	1		Media/13057485135@s.whatsapp.net/e/d/edf07db6-9b57-4e24-a0db-67d52528a5e8.jpg
10161	2025-10-31 09:13:11	Farrell	1		
10162	2025-10-31 09:13:12	Farrell	1		Media/13057485135@s.whatsapp.net/f/d/fd6383f6-2a51-4594-aaa4-49d50c0466a3.jpg
10163	2025-10-31 09:13:12	Farrell	1		Media/13057485135@s.whatsapp.net/0/5/05e9eab7-b80f-460b-924a-79470d314fb8.jpg
10164	2025-10-31 09:13:13	Farrell	1		Media/13057485135@s.whatsapp.net/7/0/70813473-66e3-4196-8806-a4218f024fcf.jpg
10165	2025-10-31 09:13:26	Farrell	0	It's a colonel in the argentina military.	
10166	2025-10-31 09:14:07	Farrell	66		
10168	2025-10-31 09:14:08	Farrell	1		Media/13057485135@s.whatsapp.net/b/d/bdd31003-05d8-463e-aaa5-8a8bb249e0a7.jpg
10167	2025-10-31 09:14:09	Farrell	1		Media/13057485135@s.whatsapp.net/2/3/23eda476-d3dc-4043-bcde-d8614d9415e9.jpg
10171	2025-10-31 09:14:09	Farrell	1		Media/13057485135@s.whatsapp.net/a/1/a1de8bee-328a-492c-a0bc-8a23e54db116.jpg
10170	2025-10-31 09:14:10	Farrell	1		Media/13057485135@s.whatsapp.net/3/5/35ee1867-3843-429f-9ff0-656078b94ae6.jpg
10169	2025-10-31 09:14:11	Farrell	0	Might need to switch interior kit	
10173	2025-10-31 09:14:11	Farrell	1		Media/13057485135@s.whatsapp.net/9/1/9181a28a-8404-4e21-bb9d-424a6b61837c.jpg
10174	2025-10-31 09:14:11	Farrell	1		Media/13057485135@s.whatsapp.net/d/9/d9eb9aa4-60df-4980-a961-4637aeeadebc.jpg
10178	2025-10-31 09:14:52	Farrell	66		
10176	2025-10-31 09:14:53	Farrell	1		Media/13057485135@s.whatsapp.net/2/b/2b9a96fa-711c-4320-b3aa-cf13f17aad77.jpg
10172	2025-10-31 09:14:53	Farrell	1		Media/13057485135@s.whatsapp.net/a/a/aa02bac0-403d-4190-abde-5fe5aa6af362.jpg
10177	2025-10-31 09:14:54	Farrell	1		Media/13057485135@s.whatsapp.net/2/3/236b8c3f-076a-4361-9be7-f3f832a403c4.jpg
10175	2025-10-31 09:15:16	Farrell	0	Comparing the two interior this one is better with air bag.	
10220	2025-10-31 11:47:01	Farrell	66		
10228	2025-10-31 11:47:01	Farrell	1		Media/13057485135@s.whatsapp.net/b/5/b5b39b74-e069-46d4-937e-0ab92fb170a3.jpg
10191	2025-10-31 11:47:02	Farrell	1		Media/13057485135@s.whatsapp.net/9/3/93d28371-ea6b-4180-a441-d85f27487ed2.jpg
10201	2025-10-31 11:47:55	Farrell	0	Sure could use front door pics completed for coyote with matching  dash pad  and center console pad	
10180	2025-10-31 12:47:40	Skylar	66		
10216	2025-10-31 12:47:41	Skylar	1		Media/13057485135@s.whatsapp.net/8/4/841d84d7-e660-4138-9bc6-b32b0dc35885.jpg
10185	2025-10-31 12:47:42	Skylar	1		Media/13057485135@s.whatsapp.net/1/b/1b856a12-cb0e-4bc3-bcb1-b5613d84aea7.jpg
10224	2025-10-31 12:47:42	Skylar	1		Media/13057485135@s.whatsapp.net/d/f/df2b570b-85a9-44e4-922a-18075f9a0a38.jpg
10202	2025-10-31 12:47:42	Skylar	1		Media/13057485135@s.whatsapp.net/2/1/213fdb47-3f63-4759-8ea4-caf28f1c1cfd.jpg
10215	2025-10-31 12:47:42	Skylar	1		Media/13057485135@s.whatsapp.net/c/4/c462487a-5a9f-4eb7-a8c3-b3208c93280b.jpg
10204	2025-10-31 12:47:42	Skylar	1		Media/13057485135@s.whatsapp.net/7/a/7a38d642-5696-40b1-a620-88b61f0ef12f.jpg
10183	2025-10-31 12:47:42	Skylar	1		Media/13057485135@s.whatsapp.net/4/0/406e4473-de59-48fa-9049-adc30b689eed.jpg
10193	2025-10-31 12:47:43	Skylar	1		Media/13057485135@s.whatsapp.net/7/4/74403e3f-0a54-4368-9da3-ad0a8f747ccd.jpg
10189	2025-10-31 12:47:43	Skylar	1		Media/13057485135@s.whatsapp.net/0/2/022cbb47-f6e8-4e2e-b8cb-dc9a95ddc16f.jpg
10186	2025-10-31 12:47:43	Skylar	1		Media/13057485135@s.whatsapp.net/3/e/3ef4bf21-44d0-4473-b622-f4ba3a0021e5.jpg
10197	2025-10-31 12:47:43	Skylar	1		Media/13057485135@s.whatsapp.net/0/6/06d712f5-4aa3-4bed-ae41-3e51d72f4d6d.jpg
10226	2025-10-31 12:47:43	Skylar	1		Media/13057485135@s.whatsapp.net/4/4/44122f97-4f63-490c-9ab7-d0e466d84c84.jpg
10199	2025-10-31 12:47:43	Skylar	1		Media/13057485135@s.whatsapp.net/4/2/422ea9f0-fefb-4ac7-bfb8-4d03338ec572.jpg
10211	2025-10-31 12:47:44	Skylar	1		Media/13057485135@s.whatsapp.net/8/2/82afd24b-e8da-48c0-bf16-17e88f9307b6.jpg
10213	2025-10-31 12:47:44	Skylar	1		Media/13057485135@s.whatsapp.net/6/c/6cc823a2-5f8e-411e-89a6-d00ef822027a.jpg
10223	2025-10-31 12:47:44	Skylar	1		Media/13057485135@s.whatsapp.net/5/a/5a5fcc84-c69f-4e89-8495-ac9fa111fd33.jpg
10205	2025-10-31 12:47:45	Skylar	1		Media/13057485135@s.whatsapp.net/5/3/53c1a696-0906-4b07-ab15-127571fe8f6f.jpg
10212	2025-10-31 12:47:45	Skylar	1		Media/13057485135@s.whatsapp.net/8/6/864dd403-ad46-4630-a4e7-5202a720161b.jpg
10192	2025-10-31 12:47:45	Skylar	1		Media/13057485135@s.whatsapp.net/a/d/ad753182-93c9-4875-ad74-01f7d2b029a7.jpg
10207	2025-10-31 12:47:45	Skylar	1		Media/13057485135@s.whatsapp.net/8/8/888f128d-ef26-4fce-bcc3-da991734c1fb.jpg
10187	2025-10-31 12:47:45	Skylar	1		Media/13057485135@s.whatsapp.net/a/e/ae304971-57d6-40c9-a703-6b129bdcb869.jpg
10210	2025-10-31 12:47:46	Skylar	1		Media/13057485135@s.whatsapp.net/d/b/db8924e8-67a7-43f1-9695-8b64affb48c5.jpg
10206	2025-10-31 12:47:46	Skylar	1		Media/13057485135@s.whatsapp.net/a/7/a77b9510-14b7-4e51-960c-5449cf526672.jpg
10208	2025-10-31 12:47:46	Skylar	1		Media/13057485135@s.whatsapp.net/7/3/7334c2e7-9e68-4048-8726-41564be0fddc.jpg
10214	2025-10-31 13:29:06	Farrell	0	Saweet. I  left you a fold up liscensed plate holder in chrome or black. If chrome just 400 grit then rattle can prime and paint	
10179	2025-10-31 13:29:08	Farrell	0	Satin	
10200	2025-10-31 13:29:34	Farrell	0	Need some tire shine on those tires they are really showing up ugle	
10196	2025-10-31 13:30:02	Farrell	0	Tire shine will help ALOT	
10184	2025-10-31 13:30:29	Skylar	0	It’s the chrome one. It’s missing the spring	
10194	2025-10-31 13:30:34	Farrell	0	Need to please pin up those amp step cables	
10227	2025-10-31 13:30:38	Farrell	0	Fuck	
10182	2025-10-31 13:30:53	Skylar	0	And the rear shocks didn’t fit	
10181	2025-10-31 13:31:08	Skylar	0	Way too long	
10221	2025-10-31 13:31:21	Farrell	0	Man I need to know thsee things sooner so I can return them	
10225	2025-10-31 13:31:32	Farrell	0	I used the measurements you gave me	
10218	2025-10-31 13:31:55	Skylar	0	They mis understood the measurements	
10222	2025-10-31 13:32:04	Farrell	0	Summit ?	
10188	2025-10-31 13:32:06	Skylar	1		Media/13057485135@s.whatsapp.net/6/c/6c7a6711-c60d-45cf-907f-eefbbc845483.jpg
10217	2025-10-31 13:32:07	Skylar	1		Media/13057485135@s.whatsapp.net/e/1/e129a098-31e3-4e57-bed9-5743a92352a2.jpg
10209	2025-10-31 13:32:33	Skylar	0	The tube is the length so the shaft does move	
10190	2025-10-31 13:32:34	Farrell	0	I believe you just can't tell with the pics	
10203	2025-10-31 13:32:45	Skylar	0	It’s crazy I’m sorry	
10195	2025-10-31 13:32:50	Skylar	0	Lame shit	
10219	2025-10-31 13:33:06	Farrell	0	Please re measure. And send me the box pic so I can  call summit in the. Morning.	
10198	2025-10-31 13:33:13	Farrell	0	Or I can do it now	
10274	2025-10-31 13:34:43	Skylar	0	19.5 center to center	
10262	2025-10-31 13:35:08	Skylar	0	They sent 19” shocks	
10263	2025-10-31 13:35:26	Farrell	0	So that's resting and extended is ?	
10249	2025-10-31 13:36:04	Skylar	1		Media/13057485135@s.whatsapp.net/0/9/09e7a82d-ee18-48df-ad62-173486fd3c19.jpg
10259	2025-10-31 13:36:05	Skylar	1		Media/13057485135@s.whatsapp.net/1/2/12785c82-c6d4-4eb1-9b3c-447426ef8a9f.jpg
10251	2025-10-31 13:36:07	Skylar	0	Shut	
10229	2025-10-31 13:36:57	Farrell	0	Need extended measurements again please	
10239	2025-10-31 13:37:27	Farrell	0	Also please really need interior completed on velocity. With pics	
10268	2025-10-31 13:37:49	Skylar	1		Media/13057485135@s.whatsapp.net/9/3/930b8832-5d19-4730-a08b-b1c6dec5b261.jpg
10234	2025-10-31 13:37:52	Skylar	1		Media/13057485135@s.whatsapp.net/3/7/3739785f-3e0b-4844-967d-6d62039618ff.jpg
10264	2025-10-31 13:38:30	Farrell	0	This white one still needs steering behalf, glove box , need to 600 grit scuff chrome tag a d rattle can high temperature heat paint satin black from oriellys I do it all the time	
10275	2025-10-31 13:38:52	Farrell	0	Have from cost hangar and do dust coat then wait a d proceed with three more coats	
10273	2025-10-31 13:39:04	Farrell	0	Satin black or flat black engine paint	
10250	2025-10-31 13:39:17	Farrell	0	Arm rest?	
10266	2025-10-31 13:39:35	Farrell	0	Speaker and arm rest	
10253	2025-10-31 13:39:46	Skylar	0	Right now resting position the white bronco sits 19.5 inches. 

The shock they sent us, in compressed position is 19”

We need a shock that in compressed position sits at like 16” inches and extends to like 22”-24”	
10269	2025-10-31 13:40:04	Farrell	0	Ok	
10248	2025-10-31 13:40:15	Farrell	0	Calling now	
10232	2025-10-31 13:40:23	Farrell	0	So the two fronts fit	
10261	2025-10-31 13:41:18	Farrell	0	Did Justine pic up the blistein shocks ?	
10238	2025-10-31 13:41:28	Farrell	0	Justin	
10240	2025-10-31 13:43:34	Skylar	0	Yes	
10242	2025-10-31 13:43:58	Farrell	0	👍	
10247	2025-10-31 13:44:01	Skylar	0	I think the rear brakes need the calipers flipped to the opposite side	
10258	2025-10-31 13:44:13	Skylar	0	The brakes are soft and have been bled	
10276	2025-10-31 13:44:23	Skylar	0	We had this problem on the brown bronco	
10246	2025-10-31 13:44:36	Farrell	0	Does that work by slipping ?	
10235	2025-10-31 13:44:58	Farrell	0	Also i remember there is an adjusting nut in the middle of the calipers if I'm not mistaken	
10237	2025-10-31 13:45:10	Farrell	0	And adjustment somewhere that makes a big difference	
10233	2025-10-31 13:46:35	Skylar	0	We know all about the adjusting nut and it’s related to the e brake. The mushy brakes is due to an air bubble that can not escape because of the position of the brake calipers	
10272	2025-10-31 13:47:24	Farrell	0	May I ask how are you guys bleeding the system? With a brake bleeding tool?	
10243	2025-10-31 13:47:29	Farrell	0	Or gravity bleeding?	
10267	2025-10-31 13:48:21	Farrell	0	Just making suggesting sometimes a couple water bottles left under there for time will work the air bubble out	
10277	2025-10-31 13:48:36	Farrell	0	Is it possible it's in the master cylinder ?	
10270	2025-10-31 13:50:44	Farrell	0	I really need both trucks picture ready as soon as possible we can get the bugs out of white one right after	
10257	2025-10-31 13:51:01	Farrell	0	I want to start marketing it as soon as possible I  have exhausted all my funds	
10245	2025-10-31 13:51:21	Farrell	0	The velocity will move quick need interior pics	
10255	2025-10-31 13:51:47	Farrell	0	Velocity. Need doors completed,  dash pad recovered to match as well and cushion for center console	
10241	2025-10-31 13:53:04	Farrell	0	White one need dash put together,  steering column bezal,  glove box  tag holder painted satin black it can hang looses for pics i will order the spring	
10230	2025-10-31 13:53:17	Farrell	0	Tuck amp steps cable so not visible in pics	
10254	2025-10-31 13:53:28	Farrell	0	I'm ordering. Re shocks now	
10260	2025-10-31 13:54:31	Farrell	0	Did you guys atleast do the driver door panel or just the passenger ?	
10271	2025-10-31 13:54:57	Farrell	0	Also do younhave arm rest what condition are they ? Do I need to order another set ?	
10244	2025-10-31 14:00:40	Skylar	1		Media/13057485135@s.whatsapp.net/a/f/afbe6f12-1ea8-4df5-93fc-a0198a201f74.jpg
10236	2025-10-31 14:00:43	Skylar	1		Media/13057485135@s.whatsapp.net/2/5/25571a0f-dd2d-4002-903e-bf5261caf8e2.jpg
10231	2025-10-31 14:02:28	Skylar	0	Velocity priority just gotta get driver door panel on	
10256	2025-10-31 14:02:42	Skylar	0	And speakers to fill the holes	
10252	2025-10-31 14:02:45	Farrell	0	Gotcha . Sometimes gravity fed just letting small water bottles with hose from caliper and just let it sit overnight.  May help otherwise it's something else.  I know you said you flipped the ones on justins brown one	
10265	2025-10-31 14:03:24	Farrell	0	Strange because bronco guys spend alot of time to make that kit work correctly	
10287	2025-10-31 14:18:58	Farrell	0	I need the front measurements because I need to return the whole kit	
10292	2025-10-31 14:20:04	Farrell	0	I have shocks now that will collapse 15.12 and extended 24.35	
10289	2025-10-31 14:24:19	Farrell	1		Media/13057485135@s.whatsapp.net/4/8/4848cad4-ebd2-4249-b14d-dc8639bd8b6b.jpg
10282	2025-10-31 14:24:23	Farrell	1		Media/13057485135@s.whatsapp.net/2/d/2d790346-8233-405e-9a9f-fd1dc4763238.jpg
10284	2025-10-31 14:24:52	Farrell	0	Ordered set of 4 for these sending label to return the rock Krawlers.  Please pack and return	
10278	2025-10-31 14:25:45	Farrell	0	Drop off UPS with shipping label that I will email you	
10293	2025-10-31 14:25:57	Farrell	1		Media/13057485135@s.whatsapp.net/d/1/d1b268ad-7e4b-4a50-9b58-b390586151e0.jpg
10283	2025-10-31 14:25:58	Farrell	1		Media/13057485135@s.whatsapp.net/e/3/e3158508-3deb-4c3b-9d94-859346dbef21.jpg
10290	2025-10-31 14:26:16	Farrell	0	This should work on all four corners.	
10279	2025-10-31 14:26:31	Farrell	0	Shipped today	
10298	2025-10-31 17:40:38	Skylar	1		Media/13057485135@s.whatsapp.net/d/2/d2824b96-a3bb-4fd4-beac-c19672ba4f23.jpg
10297	2025-10-31 17:40:39	Skylar	1		Media/13057485135@s.whatsapp.net/1/6/1618ae31-60c3-4d3c-bde5-cffc3b0d0106.jpg
10299	2025-10-31 17:40:43	Skylar	1		Media/13057485135@s.whatsapp.net/e/e/eec3728e-a196-429b-9f3b-c4a688bdd7f9.jpg
10296	2025-10-31 17:40:44	Skylar	1		Media/13057485135@s.whatsapp.net/7/f/7f120813-5a6e-42df-a954-1023a8267dc1.jpg
10305	2025-10-31 18:10:00	Farrell	0	Thank you Skylar 👊🤝🙏	
10302	2025-10-31 18:10:43	Farrell	0	We have the speakers right. I left the speaker covers in center console. If not ill order some amazon	
10303	2025-10-31 18:10:51	Skylar	0	Yes	
10308	2025-10-31 18:11:08	Skylar	0	Putting them in tomorrow shooting photos tomorrow	
10306	2025-10-31 18:11:20	Farrell	0	Amazing 👏	
10304	2025-10-31 18:11:28	Farrell	0	Thanks bro	
10307	2025-10-31 18:11:46	Skylar	0	We are doing our best	
10301	2025-10-31 18:11:57	Skylar	0	Not enough hours in the day	
10300	2025-10-31 18:12:13	Farrell	0	God i know it	
10442	2025-11-03 07:24:00	Farrell	0	Hola Skylar. You should be getting the next set of shocks for the white bronco if they fit please return the old ones I am emailing you a return label	
10433	2025-11-03 07:25:13	Farrell	66		
10546	2025-11-03 07:25:15	Farrell	1		Media/13057485135@s.whatsapp.net/6/b/6ba2c6b3-9873-4ffb-b79a-9f626d25a993.jpg
10507	2025-11-03 07:25:15	Farrell	1		Media/13057485135@s.whatsapp.net/5/6/56711fce-f81f-4328-ad14-9737679a6bee.jpg
10380	2025-11-03 07:25:17	Farrell	1		Media/13057485135@s.whatsapp.net/1/4/14834364-d2ea-452c-a9e7-7e0c64b35185.jpg
10409	2025-11-03 07:25:18	Farrell	0	This is the email I sent you	
10562	2025-11-03 07:25:18	Farrell	1		Media/13057485135@s.whatsapp.net/d/6/d6a48177-ebdd-4c00-b802-620f4f30bedd.jpg
10471	2025-11-03 07:26:23	Farrell	0	Also can I kindly have a few pics of velocity bronco interior with plastic off showing the new front and rear seats with the door panels installed.  I need them .  🙏😁	
10506	2025-11-03 07:27:32	Farrell	0	Finally I have something special here with this 1982 Mercedes Benz 300GD.   It's the 3.0 turbo diesel.    Here is the caviat.  Less then 4,000 factory miles.   This is huge	
10453	2025-11-03 07:27:34	Skylar	1		Media/13057485135@s.whatsapp.net/0/b/0b153599-af76-4a59-a5fa-5bb1b0edff15.jpg
10360	2025-11-03 07:27:37	Skylar	1		Media/13057485135@s.whatsapp.net/8/b/8bb34588-0d31-4f2d-b342-5e08b5b5aa88.jpg
10388	2025-11-03 07:27:55	Farrell	0	Looks great	
10472	2025-11-03 07:28:14	Skylar	0	It’s all in just need to put the wipers on and shooting today	
10419	2025-11-03 07:28:22	Farrell	0	Black arm rest and cup match well with speakers	
10581	2025-11-03 07:28:42	Farrell	0	Can I get a pic if seat and the door panels with plastic off. To show new pattern	
10468	2025-11-03 07:28:50	Skylar	0	Yep	
10536	2025-11-03 07:28:54	Farrell	0	Thanks	
10337	2025-11-03 07:29:13	Skylar	1		Media/13057485135@s.whatsapp.net/6/3/639e8168-0809-4145-89e4-11d95636e3a6.jpg
10570	2025-11-03 07:29:14	Skylar	1		Media/13057485135@s.whatsapp.net/8/2/82bc61bc-849f-4468-9399-4d2f6de32aef.jpg
10577	2025-11-03 07:29:15	Farrell	0	Then put plastic back on that white grabs every little bit of dirt	
10356	2025-11-03 07:29:45	Farrell	0	Cage lights came out good as well	
10407	2025-11-03 07:29:51	Farrell	0	I had that installed	
10489	2025-11-03 07:30:00	Skylar	0	Those are cool	
10390	2025-11-03 07:33:14	Farrell	66		
10431	2025-11-03 07:33:15	Farrell	1		Media/13057485135@s.whatsapp.net/8/f/8f0a89ba-bd91-4c86-a85c-3b2e11e7add3.jpg
10529	2025-11-03 07:33:16	Farrell	1		Media/13057485135@s.whatsapp.net/0/b/0b988b97-354e-4779-9d7e-db4112590938.jpg
10416	2025-11-03 07:33:18	Farrell	1		Media/13057485135@s.whatsapp.net/b/f/bf52aa3a-fa3a-469e-9833-4500576d8172.jpg
10357	2025-11-03 07:33:18	Farrell	1		Media/13057485135@s.whatsapp.net/4/a/4abf5d5b-4874-46d0-81b7-5a4fbb5025d5.jpg
10379	2025-11-03 07:33:52	Farrell	0	Think of some collectors you can share this with. Should go for $80k or more. I can get it for $45k plus shipping	
10367	2025-11-03 07:34:03	Farrell	0	So $50k.  Never seen one with this low of miles	
10542	2025-11-04 15:12:01	Skylar	66		
10384	2025-11-04 15:12:03	Skylar	1		Media/13057485135@s.whatsapp.net/4/7/474345fe-3ff1-42e9-b6e4-a2ea3a4f7873.jpg
10558	2025-11-04 15:12:04	Skylar	1		Media/13057485135@s.whatsapp.net/a/2/a2be12de-5276-48f9-a611-5066dca88cae.jpg
10526	2025-11-04 15:12:04	Skylar	1		Media/13057485135@s.whatsapp.net/5/0/506c8aca-5a54-4afd-be9e-adcc1c701a03.jpg
10479	2025-11-04 15:12:04	Skylar	1		Media/13057485135@s.whatsapp.net/6/a/6a85c990-fe42-4480-a990-af5b2f6771dd.jpg
10513	2025-11-04 15:12:04	Skylar	1		Media/13057485135@s.whatsapp.net/7/a/7a675f4c-acaf-4d88-899f-2115afc95066.jpg
10589	2025-11-04 15:12:11	Skylar	1		Media/13057485135@s.whatsapp.net/8/e/8e27d4f2-9c83-4c2a-ab36-4a3bb1e43f32.jpg
10518	2025-11-04 15:12:11	Skylar	1		Media/13057485135@s.whatsapp.net/f/7/f758c12e-901c-4186-acaa-a2879920c6ce.jpg
10543	2025-11-04 15:12:11	Skylar	1		Media/13057485135@s.whatsapp.net/8/d/8da24566-aaf7-45cd-bf68-d1ac15bdaf15.jpg
10566	2025-11-04 15:12:11	Skylar	1		Media/13057485135@s.whatsapp.net/d/4/d4f5134c-df3b-47ad-be36-11b42c5e49fa.jpg
10494	2025-11-04 15:12:11	Skylar	1		Media/13057485135@s.whatsapp.net/e/2/e24f3bee-cc6c-4098-bf7b-4eb7dd0f187e.jpg
10551	2025-11-04 15:12:38	Skylar	0	So should I submit this one to bring a trailer now?	
10443	2025-11-04 15:14:44	Skylar	1		Media/13057485135@s.whatsapp.net/e/a/eac7d66b-0272-4e7e-bd96-e0de62737bb6.jpg
10505	2025-11-04 15:14:46	Skylar	1		Media/13057485135@s.whatsapp.net/5/a/5aeaa778-3575-4e32-8211-12f12822c9d3.jpg
10396	2025-11-04 15:14:51	Skylar	1		Media/13057485135@s.whatsapp.net/4/6/468bbdc7-3cf1-41e4-82d6-b41e55f26972.jpg
10457	2025-11-04 15:14:53	Skylar	1		Media/13057485135@s.whatsapp.net/2/7/2738579d-afdf-4b73-9dbd-ddada0f2c9d5.jpg
10564	2025-11-04 15:15:03	Skylar	1		Media/13057485135@s.whatsapp.net/a/3/a3d004da-3168-4293-b18d-523072bdb71a.jpg
10348	2025-11-04 15:15:04	Skylar	1		Media/13057485135@s.whatsapp.net/c/d/cdbafa56-290c-4583-b74b-7051ffe2f2d9.jpg
10567	2025-11-04 15:15:09	Skylar	1		Media/13057485135@s.whatsapp.net/f/f/ff58f406-eea2-4238-abec-a79f2f381285.jpg
10488	2025-11-04 15:15:10	Skylar	1		Media/13057485135@s.whatsapp.net/8/c/8c8184d2-28cb-46e6-b0e4-65593d871916.jpg
10481	2025-11-04 15:16:47	Skylar	0	Ok so we’ve got the velocity bronco ready to sell. 


The white one has a ton of shit to do still…. The shocks will work. I have to do the rear brake swap to get the rear shocks on	
10440	2025-11-04 17:21:43	Skylar	66		
10420	2025-11-04 17:21:44	Skylar	1		Media/13057485135@s.whatsapp.net/1/9/19ca8bd9-7936-45a2-8e5b-1108925a4dba.jpg
10335	2025-11-04 17:21:44	Skylar	1		Media/13057485135@s.whatsapp.net/a/a/aadb2da7-93a6-44ea-be88-c35e2c65e434.jpg
10402	2025-11-04 17:21:46	Skylar	1		Media/13057485135@s.whatsapp.net/5/2/520a6f0a-fd17-47a8-b14e-6b58a71163ee.jpg
10497	2025-11-04 17:21:46	Skylar	1		Media/13057485135@s.whatsapp.net/6/8/6858409c-4b39-4f55-8b1f-696b4935f226.jpg
10588	2025-11-04 17:24:18	Farrell	0	She is fine	
10580	2025-11-05 10:15:15	Farrell	0	Hi bro  reminder to please return those last set of shocks i emailed a return label	
10459	2025-11-05 10:16:08	Farrell	0	Also please get glove box and steering bezal installed on white on for some pics. We both agree more small ite.s needing attention that can be handled during marketing and sale  before delivery after sale or deposit	
10554	2025-11-05 10:16:23	Farrell	0	I must have some completed pics for markets it's vital bro	
10430	2025-11-05 10:16:47	Farrell	0	Those only thing missing for pics is column bezal and glove box	
10400	2025-11-05 10:16:59	Farrell	0	We.address driving videos later	
10432	2025-11-05 10:17:23	Farrell	0	🙏👊🤝	
10386	2025-11-05 10:17:58	Farrell	0	And put the word out on this 300GD with 4,000 original miles	
10504	2025-11-05 10:18:25	Farrell	66		
10527	2025-11-05 10:18:26	Farrell	1		Media/13057485135@s.whatsapp.net/2/8/280b949b-3115-4b76-bcf5-bacac9b47e27.jpg
10393	2025-11-05 10:18:27	Farrell	1		Media/13057485135@s.whatsapp.net/1/b/1b6faada-8a4f-44c3-8c9d-b930ba3e28c6.jpg
10537	2025-11-05 10:18:27	Farrell	1		Media/13057485135@s.whatsapp.net/3/8/38aa4ed3-1676-4ea7-a154-9c3dab4f4c25.jpg
10339	2025-11-05 10:18:28	Farrell	1		Media/13057485135@s.whatsapp.net/f/3/f3117d26-361a-40a7-a19c-0b7df049c82c.jpg
10523	2025-11-05 10:18:28	Farrell	1		Media/13057485135@s.whatsapp.net/c/8/c86c5479-a83d-4fcd-afa4-9acee0875058.jpg
10423	2025-11-05 10:18:29	Farrell	1		Media/13057485135@s.whatsapp.net/f/2/f264eb47-f622-4146-8271-f654ef8555ad.jpg
10559	2025-11-05 10:18:30	Farrell	1		Media/13057485135@s.whatsapp.net/3/4/345f9ee6-e3a5-4f89-a95e-c13bd8603c0e.jpg
10583	2025-11-05 10:18:30	Farrell	1		Media/13057485135@s.whatsapp.net/b/f/bf11efea-62c3-4cd8-a1a6-c338cc57b887.jpg
10425	2025-11-05 10:18:38	Farrell	0	I'm doing photo shoot Friday for better pics	
10508	2025-11-05 10:20:44	Skylar	0	Need to do the rear panels too for interior and a detail	
10387	2025-11-05 10:21:09	Farrell	0	I had the rear panels just need them screwed in	
10351	2025-11-05 10:21:13	Farrell	0	That's easy	
10584	2025-11-05 10:21:29	Farrell	0	The glove box is a pain	
10466	2025-11-05 10:21:36	Farrell	0	There rest easy	
10524	2025-11-05 10:21:41	Farrell	0	As far as interior	
10491	2025-11-05 11:02:40	Skylar	1		Media/13057485135@s.whatsapp.net/8/e/8e9578da-f676-4e93-9b98-1e4317c47cdb.jpg
10478	2025-11-05 11:02:42	Skylar	2		Media/13057485135@s.whatsapp.net/a/b/ab2bcde5-fcaa-4293-8f7f-52b680e016eb.mp4
10421	2025-11-05 11:30:18	Farrell	0	Nope	
10470	2025-11-05 11:30:24	Farrell	0	It's over 2 years old	
10446	2025-11-05 11:30:52	Farrell	0	They should have covers on those bumpers to prevent scratches	
10480	2025-11-05 11:31:13	Farrell	0	Let me look for a red top to order from summit	
10490	2025-11-05 11:31:24	Farrell	0	Please send post postions and size	
10439	2025-11-05 11:31:35	Farrell	0	Or the model number	
10557	2025-11-05 11:40:59	Farrell	0	Do you have any special wholesale battery relationships? I use to have at two different part stores they would give me cost	
10349	2025-11-05 11:41:13	Farrell	0	$200 for a $300 Optima	
10605	2025-11-05 11:42:29	Farrell	1		Media/13057485135@s.whatsapp.net/6/8/684cc102-3e71-46af-ae34-8ca5e3644d11.jpg
10603	2025-11-05 11:42:31	Farrell	1		Media/13057485135@s.whatsapp.net/f/8/f8d60d38-7853-4b32-9436-e6b47d03a68f.jpg
10604	2025-11-05 11:42:39	Farrell	0	Do you have any auto zone in Boulder ?	
10601	2025-11-05 11:43:08	Farrell	1		Media/13057485135@s.whatsapp.net/5/8/587f5782-10ab-4b87-9151-d72846e721e7.jpg
10606	2025-11-05 11:43:09	Farrell	1		Media/13057485135@s.whatsapp.net/5/4/54c59941-7118-4046-ba23-a18b6df5184e.jpg
10602	2025-11-05 11:43:57	Farrell	0	Would be luck if they stock it however I am sure you have there number to see if they can order that way I get a core credit	
10607	2025-11-05 11:56:24	Skylar	1		Media/13057485135@s.whatsapp.net/a/6/a6ee8b03-8c8f-485a-a9a8-bf35d84d2781.jpg
10608	2025-11-05 11:56:25	Skylar	1		Media/13057485135@s.whatsapp.net/1/4/145c7ca7-94fd-4213-93e8-89986052c7b8.jpg
10609	2025-11-05 11:56:45	Skylar	0	need to wire up the wipe motors screw down the shifter	
10610	2025-11-05 12:07:06	Farrell	0	Bezal and steering wheel look money	
10611	2025-11-05 12:07:51	Farrell	0	Need to put a  C plug USB outlet to fill that middle hole	
10612	2025-11-05 12:08:01	Farrell	0	Will need diameter to confirm fit	
10613	2025-11-05 12:08:24	Farrell	0	For testing purposes use one in center console to check fit	
10614	2025-11-05 12:08:26	Skylar	0	i think that hole is for the wipers	
10615	2025-11-05 12:08:37	Farrell	0	Yes it is	
10616	2025-11-05 12:08:44	Farrell	0	I left a know etc	
10617	2025-11-05 12:08:57	Farrell	0	Knob	
10618	2025-11-05 12:08:59	Skylar	0	we have the switches and need to wire it	
10619	2025-11-05 12:09:06	Farrell	0	Gotcha	
10620	2025-11-05 12:09:28	Farrell	0	I always put key on bottom so key does not scratch 5he paint	
10621	2025-11-05 12:09:38	Farrell	0	Gorgeous steering setup	
10622	2025-11-05 12:10:29	Skylar	0	we need the trim to hold down the carpet.. ideally for both this and the velocity bronco but yeah… optional i guess.
could use a dash, never had one… also im almost certain we dont have the hinge for the glove box. im double checking my early images 50/50 chance	
10623	2025-11-05 12:11:58	Skylar	1		Media/13057485135@s.whatsapp.net/f/e/fe1a50c7-4aac-496e-bb7e-68e09dae9f36.jpg
10624	2025-11-05 12:12:13	Skylar	1		Media/13057485135@s.whatsapp.net/7/1/710895b9-6982-44f8-b26e-3cacb7344fbd.jpg
10626	2025-11-05 14:56:01	Farrell	0	We do have a hinge  i left with justin in a  box. They were taped together to prevent scratching.  They were in the same thin box that the glove box was left in.	
10627	2025-11-05 14:56:08	Farrell	0	I can text him	
10628	2025-11-05 14:56:56	Farrell	0	Yes this mounts to the side . What about the loop with backing plate i ordered and shipped one to you to before we had it	
10633	2025-11-05 14:57:09	Farrell	0	It's what the latch hits to hold to dash	
10629	2025-11-05 14:57:38	Farrell	1		Media/13057485135@s.whatsapp.net/2/7/27bfbec8-5c10-47af-b300-7ef261faebee.jpg
10631	2025-11-05 14:57:39	Farrell	1		Media/13057485135@s.whatsapp.net/0/3/039cef3e-6347-4529-a21d-2bc650db8f22.jpg
10632	2025-11-05 14:58:37	Farrell	0	The hinges would not be in any images.  When justin delivered you the glove box cover it should of been handed off at that time	
10630	2025-11-05 14:58:46	Farrell	0	If not I'll buy for a third time uggg	
10638	2025-11-05 14:59:11	Farrell	0	Do you have this is am positive i ordered and sent to you to avoid having justin search for it	
10635	2025-11-05 14:59:17	Skylar	0	I have that piece and justin said he has the hinge	
10636	2025-11-05 14:59:24	Farrell	0	Saweet	
10637	2025-11-05 15:00:03	Farrell	0	There is a top and bottom for the hinge I get the 8/32 small stainless bolt washer and lock nuts to assemble four on each side	
10634	2025-11-05 15:00:24	Farrell	0	Takes patience in the beginning . Hinges may need bending to alignment	
10642	2025-11-05 15:01:05	Farrell	0	Reminder to tape dash. And please take tape pieces place on shirt to reduce the stickiness incase when removing doesn't peel paint	
10641	2025-11-05 15:01:08	Farrell	0	🙏	
10639	2025-11-05 15:01:14	Farrell	0	It's happened	
10640	2025-11-05 15:01:33	Skylar	0	Will be extra careful. The last one went in perfect	
10644	2025-11-05 15:01:56	Skylar	1		Media/13057485135@s.whatsapp.net/6/f/6fbeb2ce-c5cd-4c44-99e9-759856b27322.jpg
10643	2025-11-05 15:01:56	Skylar	2		Media/13057485135@s.whatsapp.net/8/6/869c7214-06b0-4b98-b7e4-d4d1785656e8.mp4
10645	2025-11-05 15:02:06	Farrell	0	That dash really looks beautiful with the steering column and Ford horn badge. Those Scott drake bezals and my clean dash design us gorgeous	
10646	2025-11-05 15:02:35	Farrell	0	Awesome 👌	
10647	2025-11-05 15:03:34	Farrell	0	What are your thoughts on that mercedes Gwagon. After I confirm real 4,000 original miles it's a 100k bring a trailer truck. I want to get a committed buyer before I send to US	
10649	2025-11-05 15:03:52	Farrell	0	One of your heavy hitters from St. BARTS should be all over it	
10648	2025-11-05 15:04:21	Skylar	0	I was thinking to try to sell on bat but export might be a challenge. I have a friend who’s a collector in chile but he hasn’t been responding lately	
10651	2025-11-05 15:04:57	Farrell	0	Yes BAT would be great and we will deliver it just will take 30 days	
10650	2025-11-05 15:05:25	Farrell	0	I did some research there has not been a 4,000 original miles unit .ever !	
11053	2025-11-12 06:57:14	Farrell	0	Hi Skylar checking in to see how things are coming. Also please drop off summit shocks that I sent return label	
11054	2025-11-12 06:57:23	Farrell	0	Can you confirm its been done	
11058	2025-11-12 09:34:07	Farrell	0	Hola	
11059	2025-11-12 09:34:45	Skylar	0	Hey I’ll try to get it sent out I need to ask someone to drop it off	
11060	2025-11-12 09:35:11	Farrell	0	Please that label will.expire	
11062	2025-11-12 09:35:33	Farrell	0	Is it packed and label  on it ?	
11066	2025-11-12 09:36:07	Farrell	0	They have 30 days and won't take it back so needs to be done ordered too many sets of shocks	
11065	2025-11-12 09:36:26	Farrell	0	Are you back in barts ?	
11064	2025-11-12 09:36:34	Skylar	0	Yes	
11067	2025-11-12 09:36:44	Farrell	0	Cool	
11063	2025-11-12 09:36:52	Farrell	0	Me mar del plata argentina	
11069	2025-11-12 09:38:57	Farrell	0	Please get return in	
11078	2025-11-13 03:12:53	Farrell	0	Gm reminder to please return the shocks	
11104	2025-11-13 11:40:09	Skylar	0	Can you resend the prepaid postage I don’t see it in my emails. It’ll go out around tomorrow at noon my mom is picking it up	
11149	2025-11-13 16:37:14	Farrell	1		Media/13057485135@s.whatsapp.net/e/2/e2e29d97-5799-4fed-8b9e-90a916e35120.jpg
11148	2025-11-13 16:37:15	Farrell	1		Media/13057485135@s.whatsapp.net/f/6/f6c56a32-ee07-48d8-aed3-cd155085edfa.jpg
11147	2025-11-13 16:37:16	Farrell	0	Hi sent	
11164	2025-11-14 05:35:04	Farrell	0	Hi bro resent the label please confirm when they drop it off	
11168	2025-11-14 06:53:04	Skylar	0	My mom is picking it up and taking to fedex at 1pm today	
11176	2025-11-14 09:35:07	Farrell	0	Awesome 👌	
11177	2025-11-14 09:35:17	Farrell	0	How long you in st Bart?	
11178	2025-11-14 10:03:16	Skylar	0	Not sure another 10 days. I’ve got guys at the shop holding down the fort but I can’t expect them to really work much on the white bronco I haven’t established a payment plan with them on it	
11264	2025-11-17 09:38:38	Farrell	0	Hi Skylar hope your well, confirming the shocks were mailed !	
11267	2025-11-17 09:40:09	Farrell	0	Also black Friday is coming i can get a deal on a Red Top battery. PLEASE send me if it's top or side post I assume it's side post mount. Facing fire wall positive on driver on passenger ? Also the length and highlight with cranking amps needed to be sure to get the correct one	
11263	2025-11-17 11:02:17	Skylar	0	Yes shocks were mailed on time	
11268	2025-11-17 11:02:20	Skylar	0	As for white bronco I’m not sure how we are going to make meaningful progress on it in the near future	
11270	2025-11-17 11:25:53	Farrell	0	Uggg could you be more specific on near future ?	
11271	2025-11-17 11:28:31	Farrell	0	Does it run and stop?	
11266	2025-11-17 11:29:09	Farrell	0	This is not Good news	
11265	2025-11-17 11:29:18	Farrell	0	Please give me more details	
11272	2025-11-17 11:33:01	Farrell	59		
11274	2025-11-17 11:51:07	Farrell	59		
11279	2025-11-17 11:59:26	Skylar	1		Media/13057485135@s.whatsapp.net/8/e/8eebf004-dbb2-42ee-ba62-dbdb472cc677.jpg
11275	2025-11-17 11:59:28	Skylar	1		Media/13057485135@s.whatsapp.net/2/4/249c62c7-7d61-409d-9123-8bfec8bf273e.jpg
11276	2025-11-17 11:59:33	Skylar	0	Not much of a picture	
11278	2025-11-17 12:00:39	Farrell	1		Media/13057485135@s.whatsapp.net/8/d/8d5b8006-62f5-48bf-88d6-ea71b8f3b610.jpg
11277	2025-11-17 12:00:40	Farrell	1		Media/13057485135@s.whatsapp.net/c/2/c2e12dc4-558c-4e5b-8650-877ac90478a9.jpg
11280	2025-11-17 12:00:47	Farrell	0	Yes not going to be able to tell what it is	
11281	2025-11-17 12:00:57	Farrell	0	I'll see if I can call optima tech support	
11282	2025-11-17 12:01:10	Skylar	0	Ernie is sending me a picture now	
11283	2025-11-17 12:01:18	Farrell	0	Perfect	
11285	2025-11-17 12:01:40	Skylar	0	Part number 8004	
11286	2025-11-17 12:02:05	Skylar	0	8004-003-cbc	
11284	2025-11-17 12:09:23	Farrell	0	Perfect	
11287	2025-11-17 12:09:38	Farrell	0	Likely Causes of White Smoke After Rollover
- Oil on the heads/exhaust system  
  - During a rollover, oil can slosh into the intake, combustion chambers, or onto hot exhaust surfaces. This often burns off as white/blue smoke at idle.
- Coolant intrusion (head gasket or intake leak)  
  - White smoke can also mean coolant is entering the combustion chamber. But since everything sounds normal and this happened after a rollover, oil contamination is more likely.
- Old fuel (18 months)  
  - Gasoline degrades, loses volatility, and can cause poor combustion, fouling plugs, or smoky exhaust. It’s definitely past usable life.
- Residual fluids in intake/exhaust  
  - Oil or fuel trapped in intake runners or mufflers can burn off slowly, especially at idle.

---

✅ Immediate Steps You Should Take
- Change the oil & filter  
  - After a rollover, oil may have aerated or picked up contaminants. Fresh oil ensures you’re not circulating debris.
- Drain and replace fuel  
  - Old fuel should be completely removed. Refill with fresh super unleaded (high octane) to match the Coyote motor’s needs.
- Inspect air intake & throttle body  
  - Look for oil residue in the intake tract. Clean if necessary.
- Check spark plugs  
  - If oil fouled them, replace. Cheap insurance against misfires.
- Run engine to operating temp  
  - After fluids are replaced, let it idle and then drive gently. If smoke clears, it was residual oil. If it persists, investigate coolant leaks.	
11288	2025-11-17 12:09:53	Farrell	0	It's vital not to run coyote until we change fluids	
11289	2025-11-17 12:10:01	Farrell	0	And follow these steps.	
11290	2025-11-17 12:10:11	Farrell	0	Need someone I can send to for this	
11358	2025-11-19 07:02:26	Farrell	0	Hi Skylar reminder to please send notice it do not want that coyote bronco ran until I can arrange to get all fluids ( oil and filter ) changed and fuel replaced. It's an expensive brand new engine and very dangerous to run. Without this being done first	
11342	2025-11-19 07:03:13	Farrell	0	There is a good chance coolant is in the oil even a little bit can have issues I am nervous and can't afford and incident please 😬	
11364	2025-11-19 07:03:56	Skylar	0	It wont be run	
11360	2025-11-19 07:04:08	Farrell	0	I am figuring out someone or some three local to handle it quickly to get rid of the concern and smoke. Incase I get buyer which I desperately need	
11371	2025-11-19 07:04:15	Farrell	0	Awesome thanks bro	
11519	2025-11-27 05:03:16	Farrell	1		Media/13057485135@s.whatsapp.net/5/1/51fa47ac-2818-490e-9f56-dd4e5c46c4c9.jpg
11823	2025-12-05 15:32:48	Farrell	66		
11825	2025-12-05 15:32:48	Farrell	2		Media/13057485135@s.whatsapp.net/2/a/2a4581e8-5590-4167-a2af-6dccb27d6769.mp4
11817	2025-12-05 15:32:52	Farrell	2		Media/13057485135@s.whatsapp.net/e/1/e171a2c6-8bbe-4a7a-9801-876ca88394c8.mp4
11816	2025-12-05 15:32:56	Farrell	66		
11822	2025-12-05 15:32:57	Farrell	2		Media/13057485135@s.whatsapp.net/0/c/0c112ad9-449c-49b4-aedd-44e72c733941.mp4
11819	2025-12-05 15:32:57	Farrell	1		Media/13057485135@s.whatsapp.net/5/9/59143b6e-19e7-4626-960d-e18ab43895e1.jpg
11831	2025-12-05 15:32:59	Farrell	1		Media/13057485135@s.whatsapp.net/f/e/fe00fcd3-6499-430a-b01c-80ccd5161a00.jpg
11829	2025-12-05 15:32:59	Farrell	1		Media/13057485135@s.whatsapp.net/0/f/0ff19b27-4697-4ec1-8468-175b357cf54d.jpg
11827	2025-12-05 15:33:00	Farrell	1		Media/13057485135@s.whatsapp.net/9/9/99775ff5-9328-487e-99d1-f694e8a47821.jpg
11836	2025-12-05 15:33:01	Farrell	1		Media/13057485135@s.whatsapp.net/7/b/7b91a8c9-0d29-4bdf-a182-c67d0fc6c18d.jpg
11830	2025-12-05 15:33:01	Farrell	1		Media/13057485135@s.whatsapp.net/2/9/298aebf0-bbf6-47db-bb4f-4527d7e42efc.jpg
11821	2025-12-05 15:33:01	Farrell	1		Media/13057485135@s.whatsapp.net/2/6/26374874-7d94-484f-b1df-7cd1b492cab9.jpg
11832	2025-12-05 15:33:02	Farrell	1		Media/13057485135@s.whatsapp.net/7/d/7de343b0-6633-42b4-bc55-a33cc695c9e5.jpg
11835	2025-12-05 15:33:02	Farrell	1		Media/13057485135@s.whatsapp.net/2/f/2fd018ad-a086-4c52-b10a-2cbdd6d7b587.jpg
11826	2025-12-05 15:33:02	Farrell	1		Media/13057485135@s.whatsapp.net/6/1/61ce744b-076b-4122-a93d-5fc1a6938321.jpg
11834	2025-12-05 15:33:04	Farrell	1		Media/13057485135@s.whatsapp.net/4/5/45ff8528-0817-4260-b545-4cccc7f1c644.jpg
11833	2025-12-05 15:33:04	Farrell	1		Media/13057485135@s.whatsapp.net/9/8/98c4e999-28a6-4775-8cbf-bd29e14b3ad4.jpg
11820	2025-12-05 15:33:05	Farrell	1		Media/13057485135@s.whatsapp.net/c/a/ca38ab0b-3388-45a8-abeb-d640d7d7fc75.jpg
11824	2025-12-05 15:33:05	Farrell	1		Media/13057485135@s.whatsapp.net/4/1/41bda5a7-b52f-47d3-98be-ab19e35969ff.jpg
11818	2025-12-05 15:33:09	Farrell	1		Media/13057485135@s.whatsapp.net/e/0/e05a540e-55d4-4514-b473-a0be08abd2eb.jpg
11828	2025-12-05 15:33:09	Farrell	1		Media/13057485135@s.whatsapp.net/e/9/e90beb38-6f12-4dc8-9d65-fc1adfa9693a.jpg
12808	2026-02-02 07:20:35	Farrell	59		
12785	2026-02-02 07:21:07	Skylar	0	Hey there I’m in vegas how’s it going	
12817	2026-02-02 07:21:42	Farrell	0	Not good Skylar .  Please provide me a list of everything you did to my white bronco.	
12794	2026-02-02 07:22:27	Farrell	0	Please as soon as possible.	
12812	2026-02-02 07:22:43	Farrell	0	Will you do this now?	
12791	2026-02-02 07:23:16	Skylar	0	I’m looking for my folder with all the info on it now	
12806	2026-02-02 07:23:45	Farrell	0	Great start with what's top of your memory please .  I told you many times the time line and my desperation	
12816	2026-02-02 07:28:14	Farrell	0	How long Skylar can I expect	
12793	2026-02-02 07:28:55	Farrell	0	I am sending someone over now	
12786	2026-02-02 07:29:59	Farrell	0	?	
12800	2026-02-02 07:30:20	Farrell	0	I see your online and was texting theb stopped	
12809	2026-02-02 07:30:26	Farrell	0	Please buddy	
12797	2026-02-02 07:30:34	Skylar	66		
12821	2026-02-02 07:30:40	Skylar	2		Media/13057485135@s.whatsapp.net/5/d/5d68f11b-f5d2-49f6-9c38-f532a8e6642d.mp4
12804	2026-02-02 07:30:41	Skylar	1		
12814	2026-02-02 07:30:43	Skylar	2		
12789	2026-02-02 07:30:44	Skylar	1		
12788	2026-02-02 07:30:46	Skylar	2		
12802	2026-02-02 07:30:48	Skylar	2		
12811	2026-02-02 07:31:02	Skylar	0	I’m working on it	
12796	2026-02-02 07:31:04	Skylar	2		
12819	2026-02-02 07:31:11	Skylar	2		
12805	2026-02-02 07:31:13	Skylar	2		
12815	2026-02-02 07:31:15	Farrell	0	Send photo of list	
12792	2026-02-02 07:31:17	Skylar	2		
12784	2026-02-02 07:31:22	Skylar	2		
12799	2026-02-02 07:31:28	Skylar	2		
12810	2026-02-02 07:31:36	Skylar	2		
12820	2026-02-02 07:31:56	Skylar	2		
12798	2026-02-02 07:32:02	Skylar	2		
12790	2026-02-02 07:32:22	Skylar	0	I just sent over 100 images it’s processing the send	
12803	2026-02-02 07:32:22	Skylar	2		
12813	2026-02-02 07:32:52	Farrell	0	I still need the listed,  very hard to understand everything in list	
12801	2026-02-02 07:33:11	Skylar	2		
12787	2026-02-02 07:33:26	Farrell	0	You suggested you have a folder is had to be there	
12807	2026-02-02 07:33:39	Skylar	2		
12818	2026-02-02 07:34:19	Skylar	2		
12795	2026-02-02 07:35:20	Skylar	2		
12822	2026-02-02 07:35:48	Skylar	2		
12824	2026-02-02 07:57:36	Skylar	2		
12825	2026-02-02 07:58:12	Skylar	2		
12826	2026-02-02 07:59:47	Skylar	2		
12827	2026-02-02 08:00:19	Skylar	2		
12823	2026-02-02 08:00:23	Skylar	2		
12828	2026-02-02 08:00:31	Skylar	2		
12829	2026-02-02 08:29:17	Skylar	0	its not a complete list im trying to organize all of it ive been working on it this whole time not just leaving you on read	
12830	2026-02-02 08:29:46	Farrell	0	Ok	
12831	2026-02-02 09:19:26	Skylar	2		Media/13057485135@s.whatsapp.net/3/e/3e9f4fd7-c3db-46c9-b715-844d0f979bf2.mp4
12832	2026-02-02 09:19:30	Skylar	2		Media/13057485135@s.whatsapp.net/c/0/c0efdad1-8426-4d2b-bc29-a5906d368b39.mp4
12833	2026-02-02 09:21:23	Skylar	2		Media/13057485135@s.whatsapp.net/6/7/67921529-b3a0-4592-8041-fa0a7c15c930.mp4
12834	2026-02-02 09:27:50	Skylar	2		Media/13057485135@s.whatsapp.net/e/5/e5250a34-3170-4937-ad98-ba1c1776333e.mp4
12835	2026-02-02 09:39:20	Skylar	1		Media/13057485135@s.whatsapp.net/f/c/fca32e6d-e8cf-424d-8d40-e5efd884653e.jpg
12836	2026-02-02 09:39:20	Skylar	1		Media/13057485135@s.whatsapp.net/b/9/b924683a-62b9-4a4a-a843-37d86de80432.jpg
12837	2026-02-02 09:39:21	Skylar	1		Media/13057485135@s.whatsapp.net/8/d/8d9f0253-ebe9-4c18-8662-25a2a87fcae2.jpg
12838	2026-02-02 09:39:21	Skylar	1		Media/13057485135@s.whatsapp.net/9/4/9404cae5-2ba1-4955-b5f8-067c19423864.jpg
12839	2026-02-02 09:39:22	Skylar	1		Media/13057485135@s.whatsapp.net/e/0/e014e8e5-d5b3-427a-b1ab-9867127581b5.jpg
12840	2026-02-02 09:39:22	Skylar	1		Media/13057485135@s.whatsapp.net/e/a/eaf618df-5a47-4b07-9756-b16fa024b910.jpg
12841	2026-02-02 09:39:23	Skylar	1		Media/13057485135@s.whatsapp.net/4/3/43a7d27b-c706-403e-8718-0a15bd22e1f8.jpg
12842	2026-02-02 09:39:23	Skylar	1		Media/13057485135@s.whatsapp.net/d/9/d94d6ba7-1ad1-43a7-b421-b16d9bb93e9e.jpg
12843	2026-02-02 09:39:24	Skylar	1		Media/13057485135@s.whatsapp.net/9/2/9244c9f2-4a3e-4083-84f3-cc1d6b5b6fc3.jpg
12844	2026-02-02 09:39:24	Skylar	1		Media/13057485135@s.whatsapp.net/f/6/f6a10e59-8db2-40be-bd8c-ae1cc69672a4.jpg
12845	2026-02-02 09:39:25	Skylar	1		Media/13057485135@s.whatsapp.net/d/2/d20ab368-6da3-4380-bca5-4b177a77717d.jpg
12846	2026-02-02 09:39:25	Skylar	1		Media/13057485135@s.whatsapp.net/7/2/72a56b23-b9f5-4140-83fa-b687343609e5.jpg
12847	2026-02-02 09:39:25	Skylar	1		Media/13057485135@s.whatsapp.net/4/1/41bd8fa0-fb1d-444a-a3b7-5ec0d64c1947.jpg
12848	2026-02-02 09:39:26	Skylar	1		Media/13057485135@s.whatsapp.net/8/8/88a8e663-61f7-4eac-8eff-ee8759d1f8c7.jpg
12849	2026-02-02 09:39:26	Skylar	1		Media/13057485135@s.whatsapp.net/e/5/e5739517-27ba-4806-8814-0d9ceb1e4ffd.jpg
12850	2026-02-02 09:39:26	Skylar	1		Media/13057485135@s.whatsapp.net/6/8/689eabd7-2c9e-4930-a74e-c11b0d66a6ca.jpg
12851	2026-02-02 09:39:26	Skylar	1		Media/13057485135@s.whatsapp.net/8/5/8535d609-f258-4f1b-bbfb-8fba9e99e8dc.jpg
12852	2026-02-02 09:39:27	Skylar	1		Media/13057485135@s.whatsapp.net/9/b/9b73f825-eb50-4d22-9ef5-d146b19f40f2.jpg
12853	2026-02-02 09:39:28	Skylar	1		Media/13057485135@s.whatsapp.net/8/c/8c579692-daae-48a8-97d3-6bbf114d3428.jpg
12854	2026-02-02 09:39:28	Skylar	1		Media/13057485135@s.whatsapp.net/e/d/edde2776-209f-4426-bb33-bd7208d540b9.jpg
12855	2026-02-02 09:39:28	Skylar	1		Media/13057485135@s.whatsapp.net/2/9/29416256-4424-4b63-8104-1414098a19ad.jpg
12856	2026-02-02 09:39:29	Skylar	1		Media/13057485135@s.whatsapp.net/f/3/f36dc3b0-1adc-4fec-969b-9b9ee13efcde.jpg
12857	2026-02-02 09:39:30	Skylar	1		Media/13057485135@s.whatsapp.net/5/4/54c3c36d-438b-4ea2-931e-7a557180cf2f.jpg
12858	2026-02-02 09:39:30	Skylar	1		Media/13057485135@s.whatsapp.net/6/8/682c5fbe-721d-4ff9-ae52-da5ef8c47b0e.jpg
12859	2026-02-02 09:39:30	Skylar	1		Media/13057485135@s.whatsapp.net/c/c/cca5c9f1-0840-40ad-ac81-5988cf838242.jpg
12860	2026-02-02 09:39:31	Skylar	1		Media/13057485135@s.whatsapp.net/b/e/bea705d3-8940-4447-8d8d-99b419295e27.jpg
12861	2026-02-02 09:39:32	Skylar	1		Media/13057485135@s.whatsapp.net/0/d/0d09fd40-e778-429b-b4f5-2d7e1b71aa75.jpg
12862	2026-02-02 09:39:32	Skylar	1		Media/13057485135@s.whatsapp.net/0/b/0b593f88-1e1b-4a23-867f-402095139ea4.jpg
12863	2026-02-02 09:39:32	Skylar	1		Media/13057485135@s.whatsapp.net/b/5/b5f9c43d-be2c-4465-a344-39dead8c4587.jpg
12864	2026-02-02 09:39:33	Skylar	1		Media/13057485135@s.whatsapp.net/3/c/3c2caa21-b562-4bdb-a0ae-ff44bdc9c6c6.jpg
12865	2026-02-02 09:39:34	Skylar	1		Media/13057485135@s.whatsapp.net/1/5/15509502-eb08-41cb-8e09-7b4557d2ae03.jpg
12866	2026-02-02 09:39:34	Skylar	1		Media/13057485135@s.whatsapp.net/a/f/af34b651-590b-48bc-af4b-67199133e919.jpg
12867	2026-02-02 09:39:35	Skylar	1		Media/13057485135@s.whatsapp.net/4/a/4af00413-93dd-4c6e-96e7-f93155392a98.jpg
12868	2026-02-02 09:39:35	Skylar	1		Media/13057485135@s.whatsapp.net/e/0/e06a2898-eae5-4fa9-8ab2-74172700a60c.jpg
12869	2026-02-02 09:39:35	Skylar	1		Media/13057485135@s.whatsapp.net/f/f/ff5c2756-0f20-4d4f-a7dc-d7822e33c225.jpg
12870	2026-02-02 09:39:35	Skylar	1		Media/13057485135@s.whatsapp.net/e/b/eb993315-ed4b-4c77-ad49-4e70d45ae2e1.jpg
12871	2026-02-02 09:39:36	Skylar	1		Media/13057485135@s.whatsapp.net/1/5/15a3cec8-41eb-46cc-a51e-e3f6ec19cd06.jpg
12872	2026-02-02 09:39:36	Skylar	1		Media/13057485135@s.whatsapp.net/2/e/2ec6d7d1-d18b-4986-83c4-88e66edb6fba.jpg
12873	2026-02-02 09:39:36	Skylar	1		Media/13057485135@s.whatsapp.net/e/5/e581d8f2-7769-43ce-aacb-1119af9b05be.jpg
12874	2026-02-02 09:39:36	Skylar	1		Media/13057485135@s.whatsapp.net/f/2/f2c2227c-bb4b-418a-966b-7ac5c3d7893c.jpg
12875	2026-02-02 09:39:37	Skylar	1		Media/13057485135@s.whatsapp.net/c/d/cdd4baae-1b5f-42f5-a8bf-9d29837343f1.jpg
12876	2026-02-02 09:39:37	Skylar	1		Media/13057485135@s.whatsapp.net/e/b/eb46f4cb-c627-4267-b6b4-c626a12c88e1.jpg
12877	2026-02-02 09:39:38	Skylar	1		Media/13057485135@s.whatsapp.net/f/2/f274194a-5b89-4f59-b4d2-4e9bae10ae31.jpg
12878	2026-02-02 09:39:38	Skylar	1		Media/13057485135@s.whatsapp.net/d/a/da130cf6-988f-4170-9a8a-c9fa7f03c989.jpg
12879	2026-02-02 09:39:39	Skylar	1		Media/13057485135@s.whatsapp.net/e/6/e683269f-2fa0-4d85-9e50-cb0f8ba9e234.jpg
12880	2026-02-02 09:39:39	Skylar	1		Media/13057485135@s.whatsapp.net/6/2/6210e2c1-f4dc-4130-b45e-7670225b2e7b.jpg
12881	2026-02-02 09:39:40	Skylar	1		Media/13057485135@s.whatsapp.net/4/4/4406360d-fe85-4f7d-abc2-ff0e7e1c9490.jpg
12882	2026-02-02 09:39:40	Skylar	1		Media/13057485135@s.whatsapp.net/0/5/058a6d9e-42d4-46e9-b539-4009ac02871f.jpg
12883	2026-02-02 09:48:24	Skylar	1		Media/13057485135@s.whatsapp.net/8/9/8944f7d3-b6c6-4d78-8a1a-93e00e7a8b36.jpg
12884	2026-02-02 09:48:24	Skylar	1		Media/13057485135@s.whatsapp.net/2/6/2688498e-258f-4a9b-80bf-9aa47b99fb9b.jpg
12885	2026-02-02 09:48:24	Skylar	1		Media/13057485135@s.whatsapp.net/1/4/1410765f-a6c1-4cf5-b42d-df090c2539c0.jpg
12886	2026-02-02 09:48:25	Skylar	1		Media/13057485135@s.whatsapp.net/8/2/82e72649-17e5-4910-ac66-65930288c038.jpg
12887	2026-02-02 09:48:25	Skylar	1		Media/13057485135@s.whatsapp.net/5/d/5d53f224-8d1e-460f-be52-81bb15ca1d43.jpg
12888	2026-02-02 09:48:25	Skylar	1		Media/13057485135@s.whatsapp.net/c/a/caaf53d0-dfd4-4d14-bd77-e08631ce7f2b.jpg
12889	2026-02-02 09:48:25	Skylar	1		Media/13057485135@s.whatsapp.net/a/7/a7d9f184-f1f6-44cc-837f-674c8c42e4c0.jpg
12890	2026-02-02 09:48:25	Skylar	1		Media/13057485135@s.whatsapp.net/3/2/32354ada-7539-4f43-a184-2ee7f32bd268.jpg
12891	2026-02-02 09:48:26	Skylar	1		Media/13057485135@s.whatsapp.net/9/8/98d75987-8990-40c6-ab23-5dbd160a6538.jpg
12892	2026-02-02 09:48:26	Skylar	1		Media/13057485135@s.whatsapp.net/4/a/4af57aca-9e9d-4a15-91fd-b0ea51e6863b.jpg
12893	2026-02-02 09:48:26	Skylar	1		Media/13057485135@s.whatsapp.net/4/5/45779b26-6c3c-4109-a2d6-7fa310893e34.jpg
12894	2026-02-02 09:48:26	Skylar	1		Media/13057485135@s.whatsapp.net/5/2/52ed6a3f-1712-4951-b238-394680c01b67.jpg
12895	2026-02-02 09:48:26	Skylar	1		Media/13057485135@s.whatsapp.net/e/8/e89b93c4-58cc-4285-924a-c0db9b367b2d.jpg
12896	2026-02-02 09:48:26	Skylar	1		Media/13057485135@s.whatsapp.net/9/a/9a47ed4a-af50-4fa0-be05-0ce9abc0c04c.jpg
12897	2026-02-02 09:48:26	Skylar	1		Media/13057485135@s.whatsapp.net/3/0/30ffe407-5f8c-437b-93b4-489cbe00cf1d.jpg
12900	2026-02-02 09:48:27	Skylar	2		
12898	2026-02-02 09:48:27	Skylar	1		Media/13057485135@s.whatsapp.net/9/9/99e1b5c3-0fde-4d09-96d7-174eddd1d780.jpg
12899	2026-02-02 09:48:27	Skylar	1		Media/13057485135@s.whatsapp.net/a/9/a93bf805-97f1-4e68-8e33-6c6a4af7fe4b.jpg
12901	2026-02-02 09:48:29	Skylar	1		Media/13057485135@s.whatsapp.net/4/4/44138114-2929-4634-99b4-a94714845fe3.jpg
12902	2026-02-02 09:54:37	Farrell	0	How are we looking with the list?	
12903	2026-02-02 09:54:58	Farrell	0	Just share what you have	
12904	2026-02-02 09:55:13	Farrell	0	I can decipher it if needing	
12905	2026-02-02 09:56:25	Skylar	2		
12906	2026-02-02 09:56:28	Skylar	1		Media/13057485135@s.whatsapp.net/5/5/55e0f3a5-ae9c-4839-a73e-b42dabd8272d.jpg
12907	2026-02-02 09:56:35	Skylar	2		
12908	2026-02-02 09:56:48	Skylar	2		
12909	2026-02-02 10:04:16	Skylar	2		
12910	2026-02-02 10:11:46	Skylar	2		
12911	2026-02-02 10:12:00	Skylar	2		
12912	2026-02-02 10:19:16	Farrell	0	Skylar, how's the list ? It should be pretty easy	
12913	2026-02-02 10:19:20	Skylar	2		
12914	2026-02-02 10:19:37	Skylar	2		
12915	2026-02-02 10:21:20	Farrell	0	What was done? Because this list i have now is  similar to when I dropped it off. Except now I have. Bent hood , broken water pump reservoir. Everything is lose , wires under dash were never done as I originally sent pics and requested	
12916	2026-02-02 10:21:48	Farrell	0	Had to pay and  order  shocks 3 times and still not installed	
12917	2026-02-02 10:22:06	Farrell	0	This is not good. Major fuck for me	
12918	2026-02-02 10:22:21	Skylar	0	me too	
12919	2026-02-02 10:23:08	Farrell	0	Lmao how does this   effect you. I paid you for nothing to be done did not accomplish anything	
12920	2026-02-02 10:23:57	Farrell	0	Body mounts are still out.  Roll cage lose wiring under dash never cleaned  destroyed my hood you need to pay for this and return my money	
12921	2026-02-02 10:24:14	Farrell	0	You failed to deliver all your videos are a joke.	
12922	2026-02-02 10:24:48	Farrell	0	I want money for my hood to be replaced and re painted. Removed and re mounted	
12923	2026-02-02 10:25:52	Farrell	0	I will give you until Thursday to zelle the money back	
12924	2026-02-02 10:26:57	Skylar	2		
12925	2026-02-02 10:26:59	Skylar	2		
12926	2026-02-02 10:27:04	Skylar	2		
12927	2026-02-02 10:28:07	Farrell	0	You can drop off $10k to justin so he can give it to the next shop that will deliver.  They inspected your work , nothing was done. This is fraud	
12928	2026-02-02 10:30:43	Farrell	0	St Bart is a very small island.  I would hate for word to get out about this theft.  Trust me will not be hard. We can call it the L Officiel report. As well as the shop in Boulder City.  I gave you every request you asked for. All you did was put me on the shelf	
12929	2026-02-02 10:32:10	Farrell	0	And take my money	
12930	2026-02-02 10:32:44	Farrell	0	Please do not let this sit without responding and making some restitution. It won't be worth it for you.	
12931	2026-02-02 10:33:17	Farrell	0	Time for you to feel what I have felt all thru Christmas and new years abandoned my project and left me hanging dry	
12932	2026-02-02 10:33:45	Farrell	0	I told you many times needed it done you took 1 ( one Year ) that's insane and not possible	
12933	2026-02-02 10:34:25	Farrell	0	Exhaust is plumbed wrong as well touching frame rails	
12934	2026-02-02 10:34:27	Skylar	2		
12935	2026-02-02 10:34:33	Skylar	2		
12936	2026-02-02 10:34:48	Skylar	2		
12937	2026-02-02 10:38:39	Farrell	0	Silence game it's the worst game to play	
12938	2026-02-02 10:51:58	Skylar	1		
12939	2026-02-02 10:52:09	Skylar	1		
12940	2026-02-02 10:55:13	Skylar	1		
12941	2026-02-02 10:55:26	Skylar	1		
12942	2026-02-02 10:55:27	Skylar	1		
12943	2026-02-02 10:55:27	Skylar	1		
12944	2026-02-02 10:55:27	Skylar	1		
12945	2026-02-02 10:55:27	Skylar	1		
12947	2026-02-02 10:55:28	Skylar	1		
12946	2026-02-02 10:55:28	Skylar	1		
12948	2026-02-02 10:55:28	Skylar	1		
12949	2026-02-02 10:55:28	Skylar	1		
12950	2026-02-02 10:55:28	Skylar	1		
12951	2026-02-02 10:55:29	Skylar	1		
12952	2026-02-02 10:55:29	Skylar	1		
12953	2026-02-02 10:55:29	Skylar	1		
12954	2026-02-02 10:55:29	Skylar	1		
12956	2026-02-02 10:55:30	Skylar	1		
12955	2026-02-02 10:55:30	Skylar	1		
12958	2026-02-02 10:55:30	Skylar	1		
12957	2026-02-02 10:55:30	Skylar	1		
12959	2026-02-02 10:56:15	Skylar	1		
12960	2026-02-02 10:56:16	Skylar	1		
12962	2026-02-02 10:56:16	Skylar	1		
12961	2026-02-02 10:56:16	Skylar	1		
12963	2026-02-02 10:56:17	Skylar	1		
12964	2026-02-02 10:56:17	Skylar	1		
12966	2026-02-02 10:56:17	Skylar	1		
12967	2026-02-02 10:56:17	Skylar	1		
12965	2026-02-02 10:56:18	Skylar	1		
12969	2026-02-02 10:56:18	Skylar	1		
12970	2026-02-02 10:56:18	Skylar	1		
12968	2026-02-02 10:56:18	Skylar	1		
12971	2026-02-02 10:56:19	Skylar	1		
12972	2026-02-02 10:56:19	Skylar	1		
12974	2026-02-02 10:56:26	Skylar	1		
12975	2026-02-02 10:56:27	Skylar	1		
12976	2026-02-02 10:56:27	Skylar	1		
12973	2026-02-02 10:56:27	Skylar	1		
12977	2026-02-02 10:56:27	Skylar	1		
12978	2026-02-02 10:56:27	Skylar	1		
12979	2026-02-02 10:56:28	Skylar	1		
12980	2026-02-02 10:56:28	Skylar	1		
12985	2026-02-02 11:17:21	Skylar	8	WHITE_BRONCO_INVOICE	Media/13057485135@s.whatsapp.net/b/e/bedfca13-b347-4207-8d9e-69bfeb0a5666.pdf
12986	2026-02-02 11:17:21	Skylar	8	COYOTE_BRONCO_INVOICE	Media/13057485135@s.whatsapp.net/b/b/bbc993f3-9b2e-4d69-8f92-12c955e8a566.pdf
12988	2026-02-02 11:27:04	Farrell	0	I want my money returned your work orders are fabricated. And confused between the two trucks.  I will start a warning campaign immediately. You can act accordingly or face the consequences.  It's very simple , you know what you have done which was little to nothing. I have a report made already supporting theses reports are false. Just do the right thing Skylar	
12998	2026-02-02 11:35:55	Farrell	0	You owe me money , for lack of work , and for destroying my hood   Power steering pump reservoir  you broke	
13002	2026-02-02 11:36:26	Farrell	0	Do the right thing here Skylar	
13009	2026-02-02 12:11:20	Farrell	0	So you create this false invoice after I have already taken my trucks out , and knowing I am not happy and aware of the fraud. And date then today. , your  hilarious . Do the right thing here I'm telling you its the easiest way . I am not going away . Be a correct person and accept the failure , as well as the damages you did to my truck	
13006	2026-02-02 14:10:40	Farrell	0	I created a few social media pages i think you will like them	
12996	2026-02-02 14:11:07	Farrell	0	I will have my team instructed by Friday to start the campaign	
13003	2026-02-02 14:11:40	Farrell	0	Social media marketing is real cheap here you could imagine	
13014	2026-02-03 03:20:22	Farrell	0	1) Missing classic Ford Bronco Best Top  soft Top $1,000.00

2) Damaged Hood ) from tech closing hood from side and not the center ,  plus Hood Struts  installed wrong )
 $ 3,000.00

3) Broken Power steering reservoir   ( you busted the tube) $350.00

4) Rear brake calipers installed wrong $ 750.00

5) Dash was removed to install instrument cluster and never re- installed ), leaving all wires spaghetti like $ 3,500.00

6) The tailgate was not painted 

7) Scratches all over New Paint . 

8) 21 yard Roll Matching material  lost $ 1,000
00

9) I ordered  12 shocks because Skylar could not take proper measurements.  That's a first 


What shop does not cover these mistakes ? And items destroyed or lost?	
13015	2026-02-03 03:20:26	Farrell	59		
13016	2026-02-03 03:20:49	Farrell	59		
13018	2026-02-03 03:47:30	Farrell	0	What shop does not take responsibility for this ?????	
13028	2026-02-03 09:09:23	Farrell	1		Media/13057485135@s.whatsapp.net/a/7/a783b3c2-b854-4768-ba5d-08bbf5ce09cb.jpg
13111	2026-02-03 09:09:25	Farrell	1		Media/13057485135@s.whatsapp.net/b/3/b34790d8-4d94-4237-9e3d-e66fd705a496.jpg
13089	2026-02-03 09:09:57	Farrell	0	I hope for your sake to hear from you by Friday with restitution.   I have always done what I said in the past so this makes no difference	
13040	2026-02-03 09:11:02	Farrell	0	You must be responsible for what you destroyed	
13114	2026-02-03 09:11:25	Farrell	0	I will not stop until you make right this wrong	
13123	2026-02-04 02:41:08	Farrell	59		
13065	2026-02-04 02:41:40	Farrell	0	You better make this right. Don't be a thief Skylar	
13063	2026-02-05 02:26:49	Farrell	59		
